EMPLID,CL1,CL2,CL3,CL4,CL5,CL6,CL7,CL8,CL9,CL10,CL11,CL12,CL13,CL14,CL15,CL16,CL17,CL18,CL19,CL20,
1000002,0,0,0,0,0,0,0,0,0,0,0,,,,,,,,,,0
1000103,,1,,,,,,,,,,0,1,1,,,,,,,3
1000138,0,,,,,0,0,0,0,0,0,,,,,,,,,,0
1000141,0,,,,,0,0,0,0,0,0,,,,,,,,,,0
1000249,0,,,,,1,0,,,,,0,,,0,,,,,,1
1000352,0,,,,,0,0,0,0,0,0,,,,0,,,,,,0
1000355,0,0,,,0,0,0,0,0,0,0,0,0,0,0,0,0,0,,,0
1000359,0,,,,,0,0,1,0,,,,,,,,,,,,1
1000389,0,0,,0,,0,0,0,0,1,0,,,,0,,,,,,1
1000488,0,,,0,,0,0,0,0,0,0,0,0,,0,,0,0,,,0
1000521,0,,,,,0,0,0,0,0,1,0,,,0,,,,,,1
1000576,0,,0,0,0,0,0,0,0,0,0,,,,0,,,,,,0
1000655,0,,,,,0,0,0,0,0,0,,,,0,,,,,,0
1000794,,,,,,,,,,,,0,,,,,,,0,,0
1000845,0,,0,0,,0,0,0,0,0,0,0,0,0,,,0,0,,,0
1000860,0,,0,,,0,0,0,0,0,0,0,,0,0,,,,,,0
1000866,0,,,,,0,0,0,0,0,0,,,,0,,,,,,0
1000979,0,0,0,0,0,,,,,,,0,0,0,1,0,1,0,0,,2
1001190,0,,,,,0,0,0,0,,,0,,,,,,,,,0
1001211,0,,,,,0,0,0,0,0,0,,0,,0,,,0,,,0
1001218,0,0,0,,,,,,,,,0,0,,,,,0,,,0
1001250,0,,,,0,0,0,0,0,0,0,,,,,,,,,,0
1001263,0,0,,0,,0,0,0,0,0,0,,,0,0,,,,,,0
1001486,0,,0,0,0,0,0,0,0,0,0,0,0,0,0,0,0,0,,,0
1001526,0,,0,,,0,0,0,0,0,0,,,,0,,,,,,0
1001637,0,0,,,,0,0,0,0,0,0,0,,,,,,,,,0
1001792,0,,,,,0,0,0,0,0,0,,,,0,,,,,,0
1001980,0,,0,,0,0,0,,,,,0,0,0,0,0,0,0,,,0
1001982,0,0,0,0,0,0,0,,0,1,,0,0,,0,0,0,0,,,1
1001985,,0,0,,,,,,,,,0,0,,,0,,0,0,,0
1001987,0,,,,,0,0,1,0,,,,,,,,,,,,1
1002091,0,,,,,0,0,0,0,1,1,0,,,0,,,,,,2
1002179,0,,,,,0,0,0,0,,,,,,,,,,,,0
1002191,0,,,,,0,0,,,,,,,,,,,,,,0
1002402,0,,0,,,0,0,,0,0,,,,,0,,,,,,0
1002406,,1,,,,,,,,,,,0,,,,,1,,,2
1002407,0,,0,0,0,0,0,0,0,0,0,,,,,,,,,,0
1002408,1,,,,,,,,,,,,,,,,,,,,1
1002409,0,0,,,,0,0,0,0,0,0,,,,0,,,,,,0
1002410,,1,,,,,,,,,,0,1,,,0,,,1,,3
1002411,0,,0,,1,,,,,,,,0,0,1,,,0,0,,2
1002479,0,,,,,0,0,,,,,,,,0,,,,,,0
1002501,0,,0,,0,0,0,0,0,0,0,0,,,,,,,,,0
1002544,,,,,,,,,,,,1,,,,,,,1,,2
1002605,0,,,,,0,0,0,0,0,0,,,,,,,,,,0
1002611,0,,,,,0,0,0,0,0,0,,,,0,,,,,,0
1002649,0,,0,,,0,0,0,0,0,0,,,,0,,,,,,0
1002652,,,,,,,,,,,,,,,,,,,1,,1
1002737,,,,,,,,,,,,1,1,,,,,,,,2
1002750,1,,,,,,,,,,,,1,,,,,,,,2
1002755,0,0,0,0,0,0,0,0,0,1,,0,0,0,0,0,0,0,0,,1
1002757,,0,,,,,,,,,,0,1,1,,0,,,0,,2
1002759,0,0,,,,0,,0,0,0,0,0,,0,0,,,,0,,0
1002869,0,,0,,,0,0,0,0,0,0,,,,0,,,,,,0
1002943,0,0,0,0,,0,0,,,,,,,,0,,,,,,0
1002945,0,0,0,,0,0,0,1,0,,,,,,0,,0,,,,1
1003129,1,,,,,,,,,,,,1,,,,,,,,2
1003137,,,,,,,,,,,,1,,,,,,,1,,2
1003152,0,,,,,0,0,0,,0,0,0,0,,0,,,0,,,0
1003154,,,,,,,,,,,,0,1,0,,1,,,0,,2
1003240,0,0,1,,,,,,,,,,0,,0,,,0,,,1
1003284,0,,0,0,,,,,,,,0,0,0,0,,0,0,0,,0
1003288,0,,0,0,0,1,1,,,,,,,0,0,,,,,,2
1003297,0,,,0,,0,0,0,0,0,0,,,,,,,,,,0
1003405,0,,0,0,0,0,0,0,0,0,0,,,,,,,,,,0
1003407,0,,,,,0,0,0,0,0,0,,,,0,,,,,,0
1003467,0,,,,,0,0,1,1,,,,,,0,,,,,,2
1003471,0,,,,,0,0,1,1,,,,,,,,0,,,,2
1003522,0,0,0,0,,0,0,0,0,0,0,,,,,,,,,,0
1003550,0,,,,,0,0,0,0,0,1,0,,,0,,,,,,1
1003566,0,,,,,0,0,0,0,,,,,,0,,,0,,,0
1003610,0,,,,,0,0,0,0,0,0,,,,,,,,,,0
1003611,0,0,0,,0,0,0,,0,0,,,0,,,,0,0,,,0
1003664,0,,,,0,0,0,0,0,0,0,,0,,,,,0,,,0
1003665,,,,,,,,,,,,0,,0,,0,0,,0,,0
1003675,0,,,,,0,0,0,0,0,0,,,,,,,,,,0
1003746,0,,,,,0,0,0,0,0,0,0,,,0,,,,,,0
1003795,0,,0,,0,0,0,0,0,0,0,0,0,,,,0,0,,,0
1003800,0,0,0,0,0,0,0,0,0,1,,0,0,0,0,0,0,0,0,,1
1003802,,,0,,,,,,,,,,,1,,,0,,,,1
1003808,0,0,0,0,,0,0,0,0,0,0,,,,0,,,,,,0
1003809,0,,,,,0,0,0,0,0,0,,0,,0,,,0,,,0
1003812,1,,,,0,,,,,,,,,1,,,0,,,,2
1003852,0,0,1,,,,,,,,,0,0,0,,0,0,0,0,,1
1003993,,0,,,,,,,,,,,0,,,,0,0,,,0
1004086,0,,,,,0,0,0,0,0,0,0,,,,,,,,,0
1004090,0,,,,,0,0,0,0,0,0,0,,,,,,,,,0
1004113,,,,,,,,,,,,,1,,1,,,,,,2
1004120,0,,,,,0,0,,0,0,,,,,0,,,,,,0
1004156,0,,,,,0,0,0,0,0,0,0,,,,,,,,,0
1004162,0,0,0,0,0,0,0,,,,,,0,0,0,0,0,0,,,0
1004166,0,,,,0,0,0,0,0,0,0,0,,,,,,,,,0
1004170,0,,0,,0,,,,,,,,0,,,,,0,,,0
1004211,,,,,,,,,,,,1,,1,,1,,,0,,3
1004215,0,,,,,0,0,0,0,0,0,,,,0,,,,,,0
1004273,0,0,,,0,0,0,0,0,,,,0,,0,,0,0,,,0
1004407,,0,,,,,,,,,,1,,,,,,1,,,2
1004439,0,0,0,0,0,0,0,,0,0,,0,,,0,,,,,,0
1004443,0,,,,,0,0,0,0,1,1,,,,0,,,,,,2
1004487,0,,0,,,0,0,,0,0,,,,,0,,,,,,0
1004630,0,,0,,0,0,0,,,0,,,0,,,,,0,,,0
1004660,0,0,0,0,0,0,0,0,0,0,0,,0,,0,,0,0,,,0
1004744,0,0,,,,0,0,0,0,,0,,,,0,,,,,,0
1004782,0,0,0,,0,,,,,,,0,0,0,0,0,0,0,0,,0
1004813,0,,,0,,0,0,0,0,0,0,,,,0,0,0,,,,0
1004873,0,,,,,0,0,0,0,0,0,0,,,,,,,,,0
1004874,,1,,,,,,,,,,0,,,,1,,,0,,2
1004879,0,,,,,0,0,0,0,,,0,,,,,,,,,0
1004880,,,,,,,,,,,,,,,,1,,,1,,2
1004884,0,0,0,0,0,0,0,0,0,0,,,0,,0,,,0,,,0
1004923,,,,,,,,,,,,1,,,,,,,1,,2
1005029,0,,,,,0,0,0,0,0,0,,,,,,,,,,0
1005051,,0,,,,,,,,,,0,0,0,0,,0,1,,,1
1005191,,,,,,,,,,,,0,,0,,0,,,0,,0
1005249,0,,,,,0,0,0,0,0,0,,,,0,,,,,,0
1005254,0,,0,,,0,0,,0,0,,,,,0,,,,,,0
1005375,0,0,,,0,0,0,0,0,0,0,0,0,,,,,0,,,0
1005380,0,,0,,0,0,0,0,0,0,1,,0,,,,0,0,,,1
1005402,0,0,0,0,,0,0,0,0,1,1,0,,0,0,0,0,,0,,2
1005435,0,,0,,,0,0,0,0,0,0,,,,0,,,,,,0
1005559,0,,,0,0,0,0,0,0,0,0,0,0,,,,0,,,,0
1005561,0,,,,0,0,0,0,0,0,0,,,,,,,,,,0
1005617,0,0,0,0,,0,0,,0,1,,0,,0,0,,,,,,1
1005626,,1,,,,,,,,,,0,,,,0,,,0,,1
1005628,0,,,0,0,0,0,0,0,1,0,0,0,,0,,,0,,,1
1005664,0,0,,,0,0,0,0,0,0,0,0,,,0,,,,,,0
1005668,,0,,,,,,,,,,0,0,,,0,1,0,0,,1
1005739,1,,,,,,,,,,,0,1,0,1,0,0,,0,,3
1005781,,,,,,,,,,,,,1,,,,,,,,1
1005783,1,,1,,,,,,,,,,,,,,,,,,2
1005787,0,,0,,,0,0,0,0,0,0,,,,,,,,,,0
1005788,0,,,,,0,0,0,0,0,1,,,,0,,,,,,1
1005790,0,,0,,,0,0,0,0,1,1,,,,,,,,,,2
1005801,0,,,,,0,0,0,0,0,0,0,,,0,,,,,,0
1005868,,1,,,,,,,,,,0,,,,1,,,0,,2
1005872,0,0,0,0,0,0,0,0,0,,,0,0,0,0,0,0,0,0,,0
1005874,0,,0,,,0,0,0,0,0,0,,,,,,,,,,0
1005898,0,,,0,0,0,0,,,,,,0,,0,0,0,0,,,0
1005926,,0,,,,,,,,,,,0,,,1,,1,0,,2
1005981,0,,0,,0,0,0,,,,,,0,,,,,0,,,0
1005985,,0,,,,,,,,,,0,1,,,0,1,,0,,2
1005986,0,,,,,0,0,0,0,1,,,,,0,,,,,,1
1005989,,1,,,,,,,,,,0,,,,1,,,0,,2
1005990,0,0,1,,,,,,,,,,,,0,,,,,,1
1005993,0,,,,,0,0,0,0,0,0,,,,0,,,,,,0
1005994,0,,,,,0,0,0,0,1,1,,,,0,,,,,,2
1005995,0,,,,,0,0,0,0,0,0,,,,0,,,,,,0
1005997,0,0,0,0,0,0,0,,0,0,,0,0,0,0,,,0,,,0
1005999,0,,,,,0,0,0,0,0,0,,,,0,,,,,,0
1006033,0,,,,,,,,,,,,1,,,,,,1,,2
1006034,0,0,0,0,0,,,,,,,0,0,0,0,0,0,0,0,,0
1006085,0,,,,,0,0,0,0,0,0,0,,,0,,,,,,0
1006087,0,0,0,,,0,0,0,0,0,0,,,,0,,,,,,0
1006105,,,,,,,,,,,,,1,,,,,,1,,2
1006110,0,1,,,,,,,,,,0,0,,0,,,0,,,1
1006113,0,,,0,0,0,0,0,0,0,0,,0,0,0,0,0,0,,,0
1006180,0,,,,,0,0,0,0,0,0,,,,0,,,,,,0
1006181,1,,,,,,,,,,,,,,1,,,,,,2
1006244,,1,,,,,,,,,,1,,,,,,,0,,2
1006292,0,,,,,0,0,0,,0,0,,,,,,,,,,0
1006309,0,,0,0,0,0,0,,,,,0,0,,0,0,0,0,,,0
1006366,1,0,0,,1,,,,,,,0,,,,0,,,,,2
1006397,,1,,,,,,,,,,0,,,,1,,,0,,2
1006531,,1,,,,,,,,,,1,1,,,0,,,0,,3
1006663,0,0,,0,,0,0,0,0,0,0,0,,,0,,,,,,0
1006682,,1,,,,,,,,,,0,0,,,,,1,,,2
1006693,0,0,0,0,0,0,0,,0,0,,0,0,0,0,0,0,0,0,,0
1006730,,0,,,,,,,,,,0,1,,,0,1,,0,,2
1006734,0,,,,,0,0,0,0,0,0,,,,0,0,,,,,0
1006736,,0,,,,,,,,,,0,0,,,,,1,,,1
1006738,0,0,0,0,0,0,0,,,,,0,0,0,0,,0,0,0,,0
1006758,,,,,,,,,,,,0,1,,,,,,,,1
1006781,,,,,,,,,,,,0,,,,,,,1,,1
1006788,0,0,,,,0,0,0,0,0,0,,,,0,,,,,,0
1006847,0,,0,,,0,0,0,0,0,0,0,,,,,,,,,0
1007018,0,,,,,0,0,0,0,0,0,0,,,0,,,,,,0
1007055,0,,,,,0,0,0,,0,0,0,,,0,,,,,,0
1007067,0,,0,,,0,0,0,0,0,0,,,,0,,,,,,0
1007079,0,,0,,0,0,0,0,0,,,0,0,0,,,,0,,,0
1007091,,,,,,,,,,,,1,1,,,,,,,,2
1007146,0,,0,,0,0,0,0,0,1,1,,,,0,0,,,,,2
1007147,,,,,,,,,,,,0,0,,,1,,1,0,,2
1007149,0,0,0,0,0,0,0,,,,,,0,,0,,0,0,,,0
1007150,0,,0,,,0,0,0,0,0,0,,,,,,0,,,,0
1007151,,,,,,,,,,,,,,1,,1,,,,,2
1007154,0,,1,,,,,,,,,0,0,0,1,0,,0,0,,2
1007156,0,,,,0,0,0,0,0,0,0,,0,,0,,,0,,,0
1007200,0,0,0,,,,,,,,,,,0,0,,,,,,0
1007205,0,,,,,0,0,0,0,0,0,,,,0,,,,,,0
1007211,0,,0,,,0,0,0,0,0,0,,,,0,,,,,,0
1007247,0,,,,,0,0,0,0,0,0,,,,,,,,,,0
1007281,0,0,,,0,0,1,,,,,0,,,0,,,,,,1
1007308,0,,,,,0,0,0,0,0,0,,,,0,,,,,,0
1007323,0,,,,,1,,,,,,0,,0,1,,,,0,,2
1007341,0,,0,,,0,0,,0,0,,,0,,0,,,0,,,0
1007376,0,,,,,0,0,,,,,,0,,0,,,0,,,0
1007399,1,,,,,,,,,,,,0,1,,0,0,0,,,2
1007412,0,,,0,,0,0,0,0,0,0,,,,0,,,,,,0
1007452,0,,,,0,1,0,,,,,,,,0,,0,,,,1
1007454,0,,0,,0,0,0,0,0,0,0,,0,,,,,0,,,0
1007465,0,0,0,0,0,0,0,0,0,,,0,0,0,0,,,0,0,,0
1007467,0,,0,,,0,0,0,0,0,0,0,0,0,,,,0,0,,0
1007470,0,,,,,0,0,0,0,0,0,,,,0,,,,,,0
1007471,0,,,,,0,0,0,0,0,0,,,,0,,,,,,0
1007483,0,,0,,,0,0,0,0,0,0,,,,0,,,,,,0
1007518,0,0,0,0,1,,,,,,,0,0,0,0,0,0,0,0,,1
1007521,,0,,,,,,,,,,0,1,0,,0,,,0,,1
1007523,0,,,,0,0,0,0,0,1,1,,0,,0,,,0,,,2
1007524,,1,,,,,,,,,,0,1,,1,0,,,,,3
1007525,0,0,0,0,0,0,0,,0,0,,,0,0,0,0,0,0,,,0
1007526,0,,0,,0,0,0,0,0,1,,0,0,,0,,,0,,,1
1007527,1,0,,,,,,,,,,,1,,,,,,,,2
1007572,0,,0,,0,0,0,0,0,0,0,,,,,,,,,,0
1007575,,,,,,,,,,,,1,1,,,,,,,,2
1007578,0,0,0,0,,0,0,0,0,0,0,,,,,,,,,,0
1007635,0,0,0,0,,0,0,0,0,1,,,,,,,,,,,1
1007641,1,,1,,,,,,,,,,0,0,,,,0,,,2
1007648,0,,,0,,0,0,0,0,0,0,,,,0,,,,,,0
1007660,0,0,,,,0,1,,,,,1,,,,,0,,,,2
1007705,0,,,,,0,0,0,0,0,0,,,0,,,,,,,0
1007712,,,,,,,,,,,,1,,,,,,,1,,2
1007762,0,,,,0,0,0,0,0,0,0,,,,0,,,,,,0
1007816,,0,,,,,,,,,,0,0,0,,0,0,,0,,0
1007820,,1,,,,,,,,,,0,0,,,,,1,,,2
1007822,0,0,,,,,,,,,,,0,,0,0,0,0,,,0
1007824,0,0,0,0,0,0,0,1,0,,,0,0,0,0,0,,0,,,1
1007825,0,0,0,0,0,0,0,0,0,,,0,0,0,0,0,0,0,0,,0
1007826,,,,,,,,,,,,1,,,,,,,1,,2
1007827,0,,,,0,0,0,0,0,,,,,,0,,0,,,,0
1007941,0,0,0,,0,0,0,,,,,,0,,0,,0,0,,,0
1007985,,0,,,,,,,,,,,,0,,,,,,,0
1008019,0,,0,,,0,0,0,0,0,0,,,,0,,,,,,0
1008021,0,,,,0,0,0,0,0,0,0,,,,0,,,,,,0
1008109,,,,,,,,,,,,,,,,1,,,1,,2
1008142,0,,,,,0,0,0,0,0,0,,,,0,,,,,,0
1008145,0,,,,,0,0,0,0,0,0,0,,,0,,,,,,0
1008146,0,0,,,,,,,,,,,1,,,,0,,,,1
1008147,0,,0,,,0,0,0,0,0,0,,0,,0,,,0,,,0
1008149,0,0,1,,,,,,,,,,,,1,,,,,,2
1008218,,,,,,,,,,,,,,,,0,,,1,,1
1008219,0,,0,,,0,0,,,,,,,,,,,,,,0
1009255,0,,,,0,0,0,0,0,0,0,0,0,,0,,,,,,0
1009265,0,,,0,0,0,0,0,0,0,0,,0,,0,,,0,,,0
1009363,0,0,0,0,0,0,0,0,0,,,0,0,,0,0,0,0,,,0
1009374,,1,,,,,,,,,,0,,,,1,,,0,,2
1009416,1,,,,,,,,,,,1,0,,,,,,,,2
1009428,,,,,,,,,,,,,1,,1,,,,,,2
1009447,0,,,,,0,0,0,0,0,0,,,,0,,,,,,0
1009491,0,,0,,,0,0,0,0,0,0,,,,0,,,,,,0
1009614,0,,0,0,0,0,0,,0,0,,,0,,0,0,,0,,,0
1009617,0,,,,,0,0,0,0,0,0,0,,,0,,,,,,0
1009618,,1,,,,,,,,,,0,,,,1,,,0,,2
1009659,,,,,,,,,,,,1,,,,,,,1,,2
1009812,0,,0,,,0,0,,0,0,,,,,0,,,,,,0
1009823,0,0,0,,,0,0,0,0,0,0,0,,0,0,,,,,,0
1009930,0,,0,0,0,0,1,,,,,,,,0,,,,,,1
1009935,0,,,,,0,0,0,0,0,0,0,,0,0,,,,,,0
1010030,0,0,0,0,0,0,0,,,,,,0,,0,0,0,0,,,0
1010031,0,,,,,0,0,0,0,0,0,,,,,,,,,,0
1010032,0,0,,,,,,,,,,,0,,1,0,,1,,,2
1010034,0,0,0,0,0,,,,,,,0,0,0,0,0,0,0,0,,0
1010139,0,,,,,0,0,0,0,0,0,0,,,0,,,,,,0
1010176,0,,0,,0,0,0,1,0,,,,,,,,,,,,1
1010229,0,,,,,0,0,0,0,0,0,,,,0,,,,,,0
1010297,0,,,,,0,0,0,0,1,1,,,,0,,,,,,2
1010298,0,0,0,,,0,0,0,0,0,0,0,,,,,,,,,0
1010313,0,,,0,,1,1,,,,,0,,,1,,0,,,,3
1010352,0,0,0,,0,,,,,,,0,,,,,,,0,,0
1010414,0,,0,,,0,0,0,0,0,0,,,,0,,,,,,0
1010483,0,,0,,0,0,0,0,0,0,0,,,,0,,0,,,,0
1010511,0,,,,,0,0,0,0,0,0,0,,,0,,,,,,0
1010545,0,,0,,,0,0,0,0,,,,0,,0,,,0,,,0
1010602,,,,,,,,,,,,0,,,,,,,1,,1
1010634,,,,,,,,,,,,0,,,,,,,0,,0
1010708,,,,,,,,,,,,0,,,,,,,1,,1
1010709,0,,0,0,0,0,1,,,,,,0,0,,,0,0,,,1
1010710,,0,,,,,,,,,,0,0,,,0,,1,1,,2
1010740,0,,,,,0,0,0,0,0,0,0,,,,,,,,,0
1010794,0,,,,,0,0,0,0,0,0,0,,,0,,,,,,0
1010812,0,,0,0,0,0,0,0,0,0,0,,,,0,,,,,,0
1010827,0,,0,,,0,0,0,0,0,0,,,,,,,,,,0
1010851,0,,,,,0,0,0,0,0,0,,,,,,,,,,0
1010999,0,,,,0,0,0,0,0,0,0,,,,0,,,,,,0
1011053,0,,0,,,0,0,0,0,,,0,,,0,,,,,,0
1011110,0,,,,,0,0,0,0,1,1,,,,0,,,,,,2
1011112,0,,,,,0,0,0,0,0,0,,,,0,,,,,,0
1011346,0,,0,0,0,0,0,0,0,1,0,,0,,,0,0,0,,,1
1011361,0,,0,,,0,0,0,0,1,1,,,,,,,,,,2
1011382,0,,0,,0,0,0,0,0,0,0,0,0,,0,,,0,,,0
1011397,0,,0,,0,0,0,0,0,,,,0,0,0,,0,0,,,0
1011406,0,,0,,,0,0,0,0,0,0,,,,0,,,,,,0
1011407,1,0,,,,,,,,,,0,1,0,,0,0,,,,2
1011426,0,,0,,,0,0,0,0,0,0,,,,,,,,,,0
1011466,0,,1,,,,,,,,,0,0,,1,,0,0,,,2
1011472,0,,,,,0,0,0,0,0,0,,,,0,,0,,,,0
1011473,0,0,1,,,,,,,,,,0,,,,0,0,,,1
1011474,0,,0,0,0,0,0,,,,,,0,,,,,0,,,0
1011475,,,,,,,,,,,,0,1,0,1,,,,,,2
1011613,,1,,,,,,,,,,0,,,,1,,,1,,3
1011622,0,,0,,,0,0,0,0,,,,0,,0,,,0,,,0
1011626,0,0,1,0,,,,,,,,,,,0,,,,,,1
1011634,0,,,,,0,0,0,0,0,0,,,0,,,0,,,,0
1011704,0,,,,,0,0,0,0,0,0,,,,0,,,,,,0
1011791,0,0,,,,,,,,,,0,0,0,,0,0,1,0,,1
1011805,0,,,,,0,0,0,0,0,0,0,,,0,,,,,,0
1011809,0,0,,,,0,0,0,0,0,0,,0,,0,,,0,,,0
1011848,0,0,0,0,0,,,,,,,0,0,0,,0,0,0,0,,0
1011849,,1,,,,,,,,,,0,0,,,1,,1,0,,3
1011853,0,0,0,0,0,0,0,,0,,,,0,0,0,,,0,,,0
1011891,0,,,,,,,,,,,,,,0,,,,,,0
1011904,0,,,,,0,0,,0,0,,,,,0,,,,,,0
1011966,0,,,,,0,0,0,0,,,,,,,,,,,,0
1012046,0,,0,,0,0,0,0,0,0,0,,,0,0,,0,,,,0
1012050,0,0,0,,,0,0,0,0,,0,,,,0,,,,,,0
1012131,0,,0,,0,0,0,0,0,,,0,0,,,,0,0,,,0
1012161,0,0,0,0,0,,,,,,,0,0,0,0,,0,0,,,0
1012209,1,,,,,,,,,,,,1,,,,,,,,2
1012210,0,,0,,0,0,0,0,0,1,,0,0,,0,,,0,,,1
1012211,0,0,0,0,0,0,0,0,0,,,0,0,,0,,,0,,,0
1012213,,,,,,,,,,,,,1,,1,,,,,,2
1012218,0,,0,,,0,0,0,0,0,0,,,,0,,,,,,0
1012219,0,,,,,,,,,,,,1,,,,,,,,1
1012221,0,,,,,0,0,0,0,0,0,,,,0,,,,,,0
1012222,0,0,,,,0,0,0,0,1,0,0,,,,,,,,,1
1012270,0,0,0,0,0,0,0,0,0,,1,0,0,0,0,,0,0,,,1
1012301,0,,0,,,0,,,,,,0,,,0,,,,,,0
1012347,0,,,,,0,0,0,0,0,0,,,,,,,,,,0
1012376,0,0,,0,0,0,0,,0,0,,,0,,0,,,0,,,0
1012394,,0,,,,,,,,,,1,,,,1,,,0,,2
1012410,,0,,,,,,,,,,0,1,1,,0,0,,0,,2
1012430,0,,,,,,,,,,,,,,0,,,,,,0
1012435,0,,,,,0,0,0,0,0,0,,,,,,,,,,0
1012527,,1,,,,,,,,,,,1,,,,,,,,2
1012572,0,,0,0,0,0,0,0,0,,,,0,,0,,,0,0,,0
1012573,,0,,,,,,,,,,1,,,,1,,,0,,2
1012585,0,,0,,,0,0,0,0,0,1,,,,0,,,,,,1
1012627,0,0,,,0,0,0,0,0,0,0,,,,0,,0,,,,0
1012629,,0,,,,,,,,,,0,1,1,,0,0,,0,,2
1012776,,,,,,,,,,,,1,,,,,,,1,,2
1012778,,,,,,,,,,,,,1,,,,1,,,,2
1012779,,1,,,,,,,,,,0,,,,1,,,,,2
1012803,,,,,,,,,,,,,,1,1,,,,,,2
1012984,,0,,,,,,,,,,1,,,,1,,,0,,2
1013043,,,,,,,,,,,,1,,,,,,,1,,2
1013044,1,,,,,,,,,,,,1,,,,,,,,2
1013046,0,0,0,0,,0,0,0,0,0,0,,,,0,,,,,,0
1013083,,,,,,,,,,,,1,,,,,1,,,,2
1013162,,0,,,,,,,,,,0,1,,,0,0,,0,,1
1013240,,,,,,,,,,,,0,1,,,0,,,0,,1
1013248,0,,,,,,,,,,,0,0,0,,0,0,0,0,,0
1013250,1,,,,,,,,,,,,,,1,,,,,,2
1013262,0,,1,,,,,,,,,,,,,,,,,,1
1013272,0,,,,0,0,0,,0,0,,,,,0,,,,,,0
1013335,0,0,,,,0,0,0,0,0,0,,,,0,,,,,,0
1013353,,,,,,,,,,,,0,,,,,,,0,,0
1013357,0,0,,,,0,0,0,0,0,0,0,,,,0,,,,,0
1013377,,,,,,,,,,,,1,,,,,,,1,,2
1013402,0,,,,,0,0,0,0,0,0,,,,0,,,,,,0
1013403,0,,0,,,,,,,,,0,0,,0,,,0,,,0
1013411,0,,0,,0,0,1,,,,,,0,,0,,,0,,,1
1013421,0,,,,,,,,,,,,0,,,,,,,,0
1013486,1,0,,,,,,,,,,0,0,0,,0,,1,0,,2
1013617,0,0,0,0,,0,0,0,0,0,0,0,,0,0,,,,,,0
1013625,,1,,,,,,,,,,0,,,,,,,1,,2
1013632,0,,0,,,0,0,0,0,0,0,,,,0,,,,,,0
1013652,0,,0,,,0,0,0,0,0,0,,0,,,,,0,,,0
1013691,0,0,,0,,0,0,0,0,0,0,0,,,,,,,,,0
1013697,0,0,,,,0,0,0,0,0,0,0,,,,,,,,,0
1013706,0,,0,,,0,0,0,0,0,0,,,,,,,,,,0
1013753,,,,,,,,,,,,1,,,,,,,1,,2
1013765,0,,1,,,,,,,,,,0,,1,,0,0,,,2
1013927,0,,0,0,0,0,0,,,,,,0,,0,0,,0,,,0
1013963,0,,,0,0,0,0,0,0,,,0,0,,0,0,0,0,,,0
1014003,0,,,,,0,0,0,0,0,0,0,,,0,,0,,,,0
1014005,0,,0,,,0,0,0,0,,,0,,,,,,,,,0
1014032,0,,0,,,0,0,0,0,,,0,0,,0,,,0,,,0
1014099,,0,,,,,,,,,,0,1,,,0,1,,0,,2
1014126,0,0,0,,,,,,,,,0,0,0,0,0,0,0,0,,0
1015202,0,,,,,0,0,0,0,0,0,,,,,,,,,,0
1015205,0,,,,,0,0,0,,0,0,,,,,,,,,,0
1015212,0,0,,,,,,,,,,0,0,0,,0,,1,0,,1
1015215,0,1,,,,,,,,,,,1,,,0,,,,,2
1015219,0,,0,0,0,0,0,,,,,,0,0,0,0,0,0,,,0
1015222,,,,,,,,,,,,,1,,,,0,,,,1
1015223,,0,,,,,,,,,,0,1,,,0,1,,0,,2
1015226,0,,0,0,,0,0,0,0,1,,0,,0,0,,0,,,,1
1015259,,,,,,,,,,,,1,,,,,,,1,,2
1015263,0,,,,,0,0,0,0,0,0,,,,0,,,,,,0
1015386,0,,0,0,,0,0,0,0,,,,,0,0,0,0,,,,0
1015407,,,,,,,,,,,,0,1,0,,0,1,,0,,2
1015417,0,0,0,,0,0,0,,0,0,,0,0,0,0,,,0,,,0
1015495,0,,0,,,,,,,,,,,,,,,,,,0
1015514,0,,,0,0,0,0,0,0,,,0,,0,0,0,0,,0,,0
1015515,0,,0,,,0,0,0,0,0,0,,,,,,,,,,0
1015536,,,,,,,,,,,,1,,,,,,,1,,2
1015600,0,,0,,,0,0,0,,0,0,0,,,,,,,,,0
1015603,,,,,,,,,,,,1,,,,,,,1,,2
1015608,0,,0,0,,0,0,0,0,1,,,,,0,,,,,,1
1015610,,1,,,,,,,,,,0,0,0,,0,0,,0,,1
1015611,0,,0,,0,0,0,0,0,,,,0,,0,0,0,0,,,0
1015617,0,,,,0,0,0,0,0,,,0,0,,0,,0,0,,,0
1015660,0,,,,,0,0,0,0,,,0,,,,,,,,,0
1015671,0,,,0,,,,,,,,0,0,,0,,,0,,,0
1015729,0,,0,,,0,0,0,0,0,0,,,,0,,,,,,0
1015790,,0,,,,,,,,,,0,,,,0,,,0,,0
1015809,0,,,,,0,0,0,0,0,0,,,,0,,0,,,,0
1015816,0,,0,0,,0,0,0,0,0,0,0,,0,,,0,,,,0
1015822,,,,,,,,,,,,1,,,,,,,1,,2
1015897,0,,,0,,0,0,0,0,0,0,,,,0,,0,,,,0
1015904,0,,0,0,0,0,0,,,,,,,,,,0,,,,0
1015938,0,,,,,0,0,0,0,0,0,,,,0,,,,,,0
1015944,0,0,0,,,0,0,,,,,0,,,,,,,,,0
1015946,0,,0,0,,0,0,0,0,0,,,,0,0,,,,,,0
1015950,0,0,0,0,0,,,,,,,0,0,0,,0,0,0,0,,0
1015966,0,,0,,,0,0,,,,,,,,0,,,,,,0
1016008,0,,0,0,,0,0,,0,0,,0,,0,0,,,,,,0
1016011,0,,0,,0,0,0,,,,,,0,,,,0,0,,,0
1016122,0,,,,,0,0,0,0,0,0,,,,0,,,,,,0
1016141,0,,0,,0,0,0,0,,,0,0,,,,,,,,,0
1016148,,,,,,,,,,,,1,1,,,,,,,,2
1016199,0,0,,0,,0,0,0,0,0,0,,,,,,,,,,0
1016245,0,,,,,0,0,0,0,,0,0,,,,,,,,,0
1016300,0,,0,0,0,0,0,,,,,,0,0,,,,0,,,0
1016338,0,,0,,,0,0,0,0,0,,,,,0,,,,,,0
1016400,,1,,,,,,,,,,0,,,,1,,,0,,2
1016458,,,,,,,,,,,,,1,1,,,,,,,2
1016521,0,,,,,0,0,0,0,1,1,,,0,,,,,,,2
1016556,,,,,,,,,,,,1,,,,,,,1,,2
1016635,0,0,0,,0,0,0,0,0,,,,0,,0,,,0,,,0
1016643,,0,,,,,,,,,,0,0,0,0,0,0,0,,,0
1016648,,,,,,,,,,,,,,,,1,,,,,1
1016697,0,,,,,,,,,,,,,,,,,,,,0
1016703,0,,,,,0,1,,,,,0,,,,,,,,,1
1016743,0,,0,,,0,0,0,0,0,0,,,,0,,,,,,0
1016768,0,,0,,0,0,0,0,0,0,0,0,,,0,,,,,,0
1016769,,1,,,,,,,,,,0,0,1,1,,,0,0,,3
1016904,,,,,,,,,,,,1,,,,,,,1,,2
1016931,0,,,,,0,0,0,0,1,1,,,,0,,,,,,2
1017009,0,,,,,0,1,,,,,,,,,,,,,,1
1017105,0,0,,,,0,0,1,0,,,,,,0,,,,,,1
1017150,0,0,0,0,0,,,,,,,0,0,,0,,0,0,,,0
1017151,0,,0,0,,0,0,0,0,0,0,,,,,,,,,,0
1017154,1,,,,,,,,,,,,,,1,,,,,,2
1017156,,1,,,,,,,,,,0,1,0,,0,1,,,,3
1017193,0,,0,0,0,0,0,,,,,0,0,,0,,0,0,,,0
1017208,0,,,,,0,0,0,0,0,0,,,,,,,,,,0
1017272,0,,0,,,0,0,,,,,,0,,,,,0,,,0
1017281,0,0,,,,0,0,0,0,0,,0,,,0,,0,,,,0
1017296,,,,,,,,,,,,1,1,,,,,,,,2
1017302,,0,,,,,,,,,,0,1,,,0,0,,0,,1
1017333,0,,,,0,0,0,0,0,,,,,,,,,,,,0
1017428,0,,,,,0,0,0,0,0,0,,,,,,0,,,,0
1017436,0,0,0,0,0,1,1,,,,,0,0,0,0,,0,0,,,2
1017472,,1,,,,,,,,,,0,1,,,0,,,0,,2
1017486,0,0,0,0,0,,,,,,,0,0,,,0,,0,0,,0
1017524,0,0,0,0,0,0,0,,,,,,0,,,,,0,,,0
1017571,,,,,,,,,,,,0,1,,,,,,0,,1
1017579,0,,0,0,,0,0,0,0,0,1,,,,,,,,,,1
1017754,0,,,,,0,0,0,0,0,0,,,,,,,,,,0
1017766,0,,,,,0,0,0,0,0,0,,,,,,,,,,0
1017814,0,,,,,0,0,0,0,,,,,,,,,,,,0
1017907,,0,,,,,,,,,,0,1,0,,0,,,0,,1
1017947,0,,0,,,0,0,0,0,0,0,,,,,,,,,,0
1018015,,0,,,,,,,,,,0,1,0,0,,,,0,,1
1018058,0,,,,,0,0,,0,0,,,,,,,,,,,0
1018061,,0,,,,,,,,,,0,1,,1,,,,,,2
1018095,0,,,,,0,0,0,,0,0,0,,,,,,,,,0
1018135,0,,,,,0,0,0,0,0,0,,,,,,,,,,0
1018140,0,,0,0,0,0,0,,,,,,0,,,,,0,,,0
1018159,0,,,,,0,0,0,0,1,1,,,,,,0,,,,2
1018330,0,,,,,0,0,0,0,0,0,,0,,,,,0,,,0
1018355,1,,,,,,,,,,,,1,,,,,,,,2
1018433,0,,,,,0,0,0,,0,0,,,,,,,,,,0
1018459,0,,0,,,0,0,0,0,,,0,,0,0,,,,,,0
1018466,0,0,0,,,0,0,0,,,0,0,,,,,,,,,0
1018569,0,,,,,0,0,,,,,0,,,,,,,,,0
1018605,0,0,0,,,0,0,0,0,,,0,,,0,,,,,,0
1018654,0,,,,0,0,0,0,0,,,,0,,,,0,0,,,0
1018655,0,,0,0,,0,0,0,0,,,,0,,,,,0,,,0
1018656,0,0,0,,,,,,,,,0,0,0,,0,0,0,0,,0
1018657,,1,,,,,,,,,,0,1,,,0,,,0,,2
1018660,0,,,,0,0,0,0,0,,,,0,,0,,,0,,,0
1018661,0,0,0,,,,,,,,,0,0,0,,0,0,0,0,,0
1018665,,0,,,,,,,,,,0,1,0,,0,,,0,,1
1018720,0,,0,0,,0,0,,,,,,,,,,,,,,0
1018782,0,0,,,,,,,,,,0,0,,,0,,0,,,0
1018787,0,,0,,,0,,,,,,,,,,,,,,,0
1018841,,,,,,,,,,,,1,,,,,,,1,,2
1018846,0,0,0,,,,,,,,,,,,,,,,,,0
1018848,0,,,,,0,0,0,0,1,1,0,,,,,,,,,2
1018849,0,,0,,,0,0,,,,,,,,,,,,,,0
1018942,,,,,,,,,,,,1,,,,,,,1,,2
1018988,0,,0,,,0,0,0,0,0,0,,,,0,,,,,,0
1019032,0,,,,,0,0,0,0,0,0,,,,0,,,,,,0
1019059,0,,,,0,1,1,,,,,0,,,0,,,,,,2
1019061,0,,0,0,,0,0,0,0,0,0,0,,,,,,,,,0
1019065,0,,,,,0,0,0,0,0,0,,,,,,0,,,,0
1019112,0,0,0,,,0,0,0,0,0,0,,,,0,,,,,,0
1019189,0,,,,,0,0,0,0,0,0,,,,,,,,,,0
1019224,,,,,,,,,,,,,1,0,,,,,,,1
1019225,0,,,,0,0,0,0,0,0,0,0,,,,,,,,,0
1019406,0,,,,,,,,,,,,0,,,,,0,,,0
1019481,,,,,,,,,,,,1,,,,,,,1,,2
1019489,0,0,,0,0,,,,,,,,0,0,,0,0,0,0,,0
1019585,0,0,0,0,0,0,0,,,,,0,,0,0,,0,,,,0
1019630,1,0,0,,,,,,,,,,,,,,0,,,,1
1019637,0,0,,,,0,0,0,0,0,0,0,,,,,,,,,0
1019644,0,,0,,,0,0,,,,,,,,0,,,,,,0
1019673,,0,,,,,,,,,,0,1,,,1,,,0,,2
1019674,,0,,,,,,,,,,0,1,,,0,1,,0,,2
1019683,,0,,,,,,,,,,0,,,,0,,,0,,0
1019684,0,0,,,,,,,,,,0,0,0,,0,,1,0,,1
1019719,,0,,,,,,,,,,0,,,0,0,1,,0,,1
1019721,,,,,,,,,,,,1,,,,,,,1,,2
1019759,0,0,,,,0,0,0,0,0,0,,,,,,,,,,0
1019815,,0,,,,,,,,,,0,1,,,1,,,0,,2
1019816,1,,,,,,,,,,,,0,,,,,,,,1
1019947,0,,,,,0,0,1,1,,,,,,,,,,,,2
1019970,0,,0,,,0,0,0,,0,0,0,,,,,,,,,0
1019974,0,,0,0,0,0,0,,,,,,0,,0,,0,0,,,0
1020028,,0,,,,,,,,,,0,0,,,0,,,,,0
1020032,0,,,,,0,0,0,0,0,0,,,,,,,,,,0
1020033,0,,0,,,0,0,0,0,1,1,0,,,,,0,,,,2
1020069,0,,0,,,0,0,0,0,0,0,,,,0,,,,,,0
1020071,0,,,,,0,0,0,0,0,0,,,0,,,0,,,,0
1020076,0,,0,0,,1,,,,,,,,,0,,,,,,1
1020086,0,,0,,,0,0,0,0,0,0,,,,,,0,,,,0
1020130,0,,0,,,0,0,0,0,0,0,,,,,,,,,,0
1020161,,,,,,,,,,,,1,,,,,,,1,,2
1020179,0,,,,,,,,,,,,0,,,,,1,,,1
1020368,0,,0,0,,0,0,,,,,0,0,0,0,,,0,,,0
1020380,0,,,,,0,0,0,,,0,,,,,,,,,,0
1020429,0,0,0,,,,,,,,,,0,,,,,0,,,0
1020463,0,,,,,0,0,0,0,0,0,0,,,,,,,,,0
1020482,,0,,,,,,,,,,0,,,,0,,,0,,0
1020508,0,,0,,,0,0,0,0,0,0,0,,,,,,,,,0
1020585,0,,0,0,0,,,,,,,,,0,,,,,,,0
1020606,0,,,,,0,0,1,0,,,0,0,,,,0,0,,,1
1020630,0,0,0,,,0,0,0,0,,,,0,,,,,0,,,0
1020633,0,0,,,,0,0,,,,,,,,,,,,,,0
1020716,0,,,,0,0,0,1,0,,,,0,,,,,0,,,1
1020788,1,,1,,,,,,,,,,0,,,,0,0,,,2
1020864,0,,0,,,0,0,0,0,0,0,,,,,,,,,,0
1020868,0,0,0,0,,0,0,,,,,0,,0,0,0,,,,,0
1020908,0,0,,,,0,0,0,0,0,0,,,,,,,,,,0
1020916,0,,,0,0,0,0,0,,0,0,0,,,0,,,,,,0
1020958,0,0,,0,,0,0,0,0,0,0,0,,,,,,,,,0
1021054,0,,,0,,0,0,0,0,,,0,0,,,,,0,,,0
1021132,0,,0,,0,0,,,,,,,0,,,,,0,,,0
1021179,0,,,,,0,0,1,0,,,,0,,0,,,0,,,1
1021183,0,0,,,,0,0,0,0,,0,0,,,,,,,,,0
1021249,0,0,,0,,,,,,,,,1,,1,,,,,,2
1021254,,0,,,,,,,,,,0,0,0,,0,,0,0,,0
1021256,,0,,,,,,,,,,0,1,0,,0,0,,0,,1
1021307,0,0,,,,0,0,0,0,0,0,,,,,,,,,,0
1021318,0,,,,,0,0,,,,,,,,,,,,,,0
1021402,0,,0,,,0,0,,0,0,,,,,,,,,,,0
1021434,,1,,,,,,,,,,,,,,,,,1,,2
1021474,,0,,,,,,,,,,0,0,0,,0,0,1,0,,1
1021476,0,,,,,0,0,,,,,,,,0,0,0,,,,0
1021517,,,,,,,,,,,,1,1,,,,,,,,2
1021581,0,,0,0,,0,0,0,0,,,,,,,,,,,,0
1021601,0,,0,0,0,,,,,,,,0,,0,,0,0,,,0
1021614,0,0,0,,,0,0,0,0,0,0,,,,0,0,,,,,0
1021615,0,,0,,0,0,0,,,,,,0,,,,,0,,,0
1021679,,0,,,,,,,,,,0,0,,0,,0,,0,,0
1021681,0,,0,0,0,,,,,,,0,0,,,0,,0,,,0
1021762,,,,,,,,,,,,1,,,,,,,1,,2
1021769,0,,0,,,0,1,,,,,,,,,,,,,,1
1021771,0,,0,,,,,,,,,,0,,0,,,0,,,0
1021772,0,0,0,,0,0,0,,,,,,0,,0,,,0,,,0
1021814,0,,,,0,0,0,0,0,0,0,,,,,,,,,,0
1021844,0,0,0,0,1,,,,,,,0,0,,0,,0,0,,,1
1021926,0,,0,,,0,0,0,0,1,0,,,,,,,,,,1
1021947,0,0,,,0,0,1,,,,,,0,,,,0,0,,,1
1022010,0,,0,0,,1,1,,,,,,0,,,,0,0,0,,2
1022029,0,,,,,0,0,,0,1,,,,,,,,,,,1
1022148,0,,0,,,,,,,,,,0,0,0,,0,0,,,0
1022155,0,,0,,0,0,0,,,,,,0,,,,,0,,,0
1022165,,1,,,,,,,,,,0,1,,,,,,0,,2
1022239,,,,,,,,,,,,,,,1,1,,,,,2
1022240,,0,,,,,,,,,,,1,1,,0,0,,0,,2
1022243,0,0,0,,,,,,,,,,0,,,,1,0,,,1
1022326,0,,0,,,0,0,0,0,0,0,,,0,,,,,,,0
1022376,0,,,,0,0,0,,,,,0,0,,,,,0,,,0
1022403,0,,0,,,0,0,0,0,0,0,,,,,,,,,,0
1022422,0,0,0,,,0,0,,,,,,,,,,,,,,0
1022436,0,,0,,,0,0,0,0,,,0,,,,,,,,,0
1022511,0,0,,,,0,0,0,0,0,0,0,,,,,,,,,0
1022526,0,,,,,0,0,,,,,0,,,,,,,,,0
1022554,0,,,,,0,0,0,0,,,0,,,,,,,,,0
1022634,0,,0,,,0,0,0,0,,,,,,,,,,,,0
1022635,0,,0,,,0,0,0,0,,,,,,,,,,,,0
1022650,,0,,,,,,,,,,0,1,,,0,0,,0,,1
1022653,0,1,,,,,,,,,,,1,,0,,,,,,2
1022731,,,,,,,,,,,,,1,,,,0,,,,1
1022847,1,,,,,,,,,,,,,,,1,,,,,2
1022938,0,,,,,0,0,,,,,,,,0,,,,,,0
1022981,,1,,,,,,,,,,0,,,,1,,,0,,2
1022991,,1,,,,,,,,,,0,1,,,1,,,0,,3
1023114,0,,0,0,,0,0,,0,,,,,,,,,,,,0
1023118,,,,,,,,,,,,,1,,,,0,,,,1
1023119,,1,,,,,,,,,,,,,,,,,1,,2
1023121,,1,,,,,,,,,,,1,,,1,,,,,3
1023161,,1,,,,,,,,,,,1,,0,0,,,0,,2
1023258,0,0,,,,0,0,,,,,,,,,,0,,,,0
1023272,0,0,,,,0,0,,0,0,,,,,,,,,,,0
1023338,,,,,,,,,,,,,1,,,,,,,,1
1023403,0,,0,,,0,0,0,0,1,0,,,,,,,,,,1
1023408,0,0,,,,0,0,,,,,,,,,,0,,,,0
1023454,0,,,0,,0,0,,,,,0,,0,,,0,,,,0
1023469,,,,,,,,,,,,,1,,,,,,,,1
1023490,0,0,0,0,,0,0,,,,,,,0,,,,,,,0
1023569,,,,,,,,,,,,1,,,,,,,1,,2
1023573,,0,,,,,,,,,,0,1,0,,0,0,,0,,1
1023792,0,,0,0,,0,0,,,,,,,,,,,,,,0
1023864,0,,0,0,,0,0,0,0,,,0,,,0,,,,,,0
1023937,0,,0,0,,0,0,,0,0,,,,,,,,,,,0
1023953,0,0,0,,,,,,,,,,,,,,,,,,0
1023987,,,,,,,,,,,,1,,,,,,,1,,2
1023991,0,0,,1,,,,,,,,,,,,,,,,,1
1023992,,0,,,,,,,,,,0,1,0,,0,1,,0,,2
1023996,0,,0,,0,,,,,,,,0,,,,,0,,,0
1024039,0,,0,0,,0,0,0,0,0,0,,,,,,,,,,0
1024059,,,,,,,,,,,,1,,,,,,,1,,2
1024084,,0,,,,,,,,,,0,1,0,,,,,,,1
1024085,0,,0,,0,,,,,,,,0,,0,,0,0,,,0
1024087,,,,,,,,,,,,1,,,,,,,1,,2
1024213,0,0,0,,,,,,,,,0,,0,,,,,,,0
1024220,0,,,,,0,0,0,0,,,,,,,,,,,,0
1024270,0,,0,,,0,0,0,0,,,,,,,,,,,,0
1024324,,,,,,,,,,,,,1,,,,,,,,1
1024327,0,,0,0,0,,,,,,,,0,0,,,0,0,,,0
1024333,0,,0,0,0,,,,,,,,0,,0,,0,0,,,0
1024430,0,0,0,0,,0,0,,,,,,0,,0,,,0,,,0
1024453,0,,,,0,0,1,,,,,,,,,,,,,,1
1024478,0,,,,,0,0,0,0,,0,0,,,0,,,,,,0
1024480,1,0,1,,,,,,,,,0,0,,0,,0,0,,,2
1024482,,0,,,,,,,,,,0,0,,0,,1,,0,,1
1024489,1,,,,,,,,,,,,1,,,,,,,,2
1024519,1,,,,,,,,,,,,0,,,0,,1,,,2
1024528,0,,0,,0,1,1,,,,,,,,,,,,,,2
1024549,,0,,,,,,,,,,0,0,0,,0,0,,0,,0
1024556,,0,,,,,,,,,,0,0,0,,0,0,0,0,,0
1024645,0,,,,0,0,0,0,,,0,0,,,,,,,,,0
1024746,,0,,,,,,,,,,0,1,,,0,0,,0,,1
1024755,,,,,,,,,,,,1,,,,,,,1,,2
1024756,0,,0,,,,,,,,,,0,,,,,0,,,0
1024757,,0,,0,,,,,,,,0,,0,,,,,,,0
1024796,,0,,,,,,,,,,0,0,,,0,0,,0,,0
1024899,0,,0,,,0,0,0,0,0,0,,,,,,,,,,0
1024921,0,,,,0,,,,,,,0,,,,0,,,,,0
1025062,,0,0,,0,,,,,,,,0,,,,,0,0,,0
1025073,0,,,,,0,0,,,,,,,,,0,,,,,0
1025100,0,,,,,0,0,,,,,0,,,,,,,,,0
1025103,0,0,,,,,,,,,,,,,,,,,,,0
1025165,0,,0,,,,,,,,,,,,0,,,,,,0
1025166,,,,,,,,,,,,1,,,,,,,1,,2
1025169,0,,0,,,0,0,0,0,0,1,,,,,,,,,,1
1025214,0,,0,0,,0,0,,,,,,,0,,,0,,,,0
1025348,0,,0,,,0,0,,0,0,,,,,,,,,,,0
1025407,,,,,,,,,,,,1,,,,,,,1,,2
1025525,0,,,,,0,0,0,1,,,,,,,,,,,,1
1025531,,0,,,,,,,,,,0,0,,,0,1,0,0,,1
1025574,0,,,,,,,,,,,,0,,0,,,1,,,1
1025673,,0,,,,,,,,,,0,,,,0,,,0,,0
1025674,0,,0,,,0,0,1,0,,,,,,,,,,,,1
1025709,0,,,,,,,,,,,,0,,,,,0,,,0
1025893,0,,,,,0,0,0,,,,,,,,,,,,,0
1025894,0,,,,0,0,0,,,,,,,,0,,0,,,,0
1026032,0,,0,,,0,0,,,,,,,,,,,,,,0
1026050,0,,1,,,,,,,,,,,,,,,,,,1
1026090,0,,,,,0,0,,,,,,,,,,,,,,0
1026148,,0,,,,,,,,,,0,1,0,,0,,,0,,1
1026242,,,,,,,,,,,,,,,,1,,,1,,2
1026244,,0,,,,,,,,,,0,1,,,,,,0,,1
1026257,0,,0,,,1,0,,,,,,,,,,,,,,1
1026359,0,,0,,,0,0,0,0,,,,,,0,,,,,,0
1026387,0,,,,,0,0,,,,,,,,,,,,,,0
1026397,0,,,,,0,0,,,,,,,,,,,,,,0
1026428,,,,,,,,,,,,1,,,,,,,0,,1
1026537,0,,,,,0,0,,,,,,,,,,,,,,0
1026541,0,0,,,,1,1,,,,,,,,,,,,,,2
1026652,0,0,,,,,,,,,,,0,,,,,,,,0
1026655,,,,,,,,,,,,,1,,,,,,,,1
1026656,0,,0,,,,,,,,,,,0,,,0,,,,0
1026713,,,,,,,,,,,,0,1,,,1,,,,,2
1026778,,,,,,,,,,,,1,,,,,,,1,,2
1026806,0,,,,,0,0,0,0,,,0,,,,,,,,,0
1026857,0,,,,,0,0,,,,,,,,,,,,,,0
1026912,,,0,0,,,,,,,,,,,,,,,,,0
1026938,0,,,,0,0,0,,,,,,,,0,,,,,,0
1026941,,,,,,,,,,,,1,,,,,,,1,,2
1026943,0,,,,0,0,0,,,,,,,,0,,,,,,0
1026946,0,,,,,0,0,,,,,,,,,,,,,,0
1027020,,,,,,,,,,,,1,,,,,,,1,,2
1027021,,0,,,,,,,,,,,,,,1,,,0,,1
1027023,,,,,,,,,,,,1,,,,,,,1,,2
1027053,0,,,,,0,0,,,,,,,,,,,,,,0
1027059,0,,0,,,0,0,,,,,,,,,,,,,,0
1027062,0,,0,,,0,0,1,0,,,,,,0,,,,,,1
1027153,,,1,,,,,,,,,1,,,,,,,,,2
1027162,0,,0,,,0,0,0,0,,,,,,0,,,,,,0
1027215,0,,0,0,0,,,,,,,,,,,,,,,,0
1027219,0,,,,,,,,,,,,0,,,,,0,,,0
1027223,0,,,,,0,0,,,,,0,,,0,,0,,,,0
1027391,0,,,,,0,0,,,,,,,,,,,,,,0
1027393,0,,,,,0,0,,,,,,,,,,,,,,0
1027450,1,0,1,,,,,,,,,,,1,,,,,,,3
1027452,,,,,,,,,,,,,1,,,,,,,,1
1027493,0,,,0,,0,0,,,,,0,,,,,,,,,0
1027561,,,,,,,,,,,,1,,,,,,,1,,2
1027613,,,,,,,,,,,,,0,0,,,0,0,,,0
1027672,,0,0,,,,,,,,,0,,0,,,,,,,0
1027752,,0,,,,,,,,,,0,1,,,0,1,,0,,2
1027818,,,,,,,,,,,,0,,,,,,,0,,0
1027821,,0,,,,,,,,,,0,,,,0,0,,0,,0
1027823,,0,,,,,,,,,,0,1,,,1,,,0,,2
1027863,,,,,,,,,,,,1,,,,,,,,,1
1027868,,,,,,,,,,,,,1,0,0,0,0,,0,,1
1027948,0,,,,,0,0,,,,,0,,,,,0,,,,0
1027955,0,0,0,,,0,0,,,,,,,,,,,,,,0
1027956,0,,,,0,0,0,0,0,,,,,,,,,,,,0
1027958,,0,,,,,,,,,,,0,,,,0,,,,0
1027968,,,,,,,,,,,,0,,,,0,,,,,0
1027981,,,,,,,,,,,,0,0,,,,,0,,,0
1028009,,,,,,,,,,,,,,,,1,,,1,,2
1028016,,1,,,,,,,,,,,,,,,,,1,,2
1028026,0,,0,,,0,0,,,,,,,0,,,0,,,,0
1028029,0,,0,,0,0,1,,,,,,,,,,,,,,1
1028099,0,0,0,,,,,,,,,0,0,,,,,0,,,0
1028100,0,,0,,,,,,,,,,0,,0,,0,0,,,0
1028104,0,,0,,,0,0,0,,,,,,,,,,,,,0
1028113,0,,,0,,,,,,,,,,0,,,,0,,,0
1028181,,,,,,,,,,,,1,,,,,,,1,,2
1028229,,,,,,,,,,,,1,,,,,,,1,,2
1028231,,,,,,,,,,,,,,,0,,,,0,,0
1028233,0,,,,,0,0,1,0,,,,,,0,,,,,,1
1028366,,1,,,,,,,,,,,1,,,,,,,,2
1028472,,0,,,,,,,,,,0,1,,,0,1,,0,,2
1028480,,0,,0,,,,,,,,,0,0,,,,1,,,1
1028486,,0,,,,,,,,,,1,1,,,1,,,0,,3
1028490,0,,,,,0,0,,,,,,,,,,,,,,0
1028505,,1,,,,,,,,,,,1,,,,,,,,2
1028528,0,,1,,,,,,,,,,,,,,0,,,,1
1028531,,0,,,,,,,,,,,,,0,0,,,0,,0
1028538,0,0,,,,0,0,,,,,,,,,,,,,,0
1028582,0,,,,0,,,,,,,,,,,,,,,,0
1028608,1,1,,,,,,,,,,,,,,,,,,,2
1028742,,1,,,,,,,,,,,,,,,,,1,,2
1028890,0,,,,,,,,,,,,0,,0,,,0,,,0
1028891,0,,,,,0,0,1,0,,,0,,,,,,,,,1
1028938,,0,,,,,,,,,,0,1,,,,,,0,,1
1028953,0,,0,0,0,0,0,,,,,,,,,,,,,,0
1028964,0,,,,,0,0,0,0,,,,,,,,,,,,0
1029026,,,,,,,,,,,,1,,,,,,,1,,2
1029029,0,,,,,,,,,,,,0,,,,,,,,0
1029033,,1,,,,,,,,,,0,,,,1,,,0,,2
1029037,,1,,,,,,,,,,0,,,,1,,,0,,2
1029085,,,,,,,,,,,,,0,,,,,,0,,0
1029090,,,1,,,,,,,,,1,,,,,,,,,2
1029097,0,,,,,,,,,,,,0,0,,,,,,,0
1029184,0,,0,,,0,1,,,,,,,,,,,,,,1
1029197,,,,,,,,,,,,,,,,1,,,,,1
1029230,,,,,,,,,,,,1,,,,,,,1,,2
1029261,0,0,0,,,,,,,,,,,0,,,,,,,0
1029264,0,,,,,0,0,,,,,,,,,,,,,,0
1029335,0,,0,,,,,,,,,,0,,,,,0,,,0
1029386,,0,,,,,,,,,,0,1,,,0,0,,0,,1
1029461,0,,,,,0,0,0,0,,,0,,,,,,,,,0
1029466,0,,0,,1,,,,,,,,,,1,,,,,,2
1029467,0,,,,,0,0,,,,,,,,,,,,,,0
1029474,,,,,,,,,,,,,0,,0,,,,,,0
1029475,0,,,,,0,0,,,,,,,,,,,,,,0
1029476,0,,,,,0,0,,,,,,,,,,,,,,0
1029500,0,0,,,,0,0,,,,,,,,0,,,,,,0
1029518,,0,,,,,,,,,,0,,,,0,,,0,,0
1029519,,0,,,,,,,,,,,0,,,,,,,,0
1029530,0,,,,,,,,,,,,0,,0,,,0,,,0
1029651,0,,,,,0,0,,,,,,,,,,,,,,0
1029674,0,,0,0,,0,0,,,,,,,,,,,,,,0
1029685,0,1,,,,,,,,,,0,,,0,,,,,,1
1029690,0,0,,,,,,,,,,,0,,,,0,,,,0
1029757,,0,,,,,,,,,,0,,,,,,,0,,0
1029810,,0,,,,,,,,,,0,,,1,1,,,0,,2
1029812,0,,,,,0,0,,,,,,,,,,,,,,0
1029815,0,0,0,,,,,,,,,0,,,,,,,,,0
1029817,,,1,,,,,,,,,,,,,,,,,,1
1029852,,0,,,,,,,,,,0,0,,,0,0,,0,,0
1029952,0,,,,0,,,,,,,,,,,,,,,,0
1029957,0,,0,,,0,0,,,,,,,,,,,,,,0
1029958,0,,0,,,0,0,,,,,,,,,,,,,,0
1029960,0,0,,,,0,0,0,0,,,,,,,,,,,,0
1029992,,,,,,,,,,,,,0,0,,0,0,1,0,,1
1029999,,0,,,,,,,,,,0,0,0,,0,0,0,0,,0
1030171,0,,,,0,0,1,,,,,,,,,,0,,,,1
1030252,0,,0,,,0,0,,,,,,,,0,,,,,,0
1030261,0,0,0,,,,,,,,,,,,,,0,,,,0
1030304,0,,0,,0,,,,,,,,,0,0,0,,,,,0
1030363,0,,0,,,0,0,,,,,,,,,,,,,,0
1030453,0,0,,,,,,,,,,,0,,,,,0,,,0
1030478,0,,,,,0,0,,,,,,,,,,,,,,0
1030588,,,,,,,,,,,,0,0,,,,0,0,,,0
1030639,0,,,,,0,0,,,,,,,,,,,,,,0
1030640,0,1,,,,,,,,,,0,,1,,,,,,,2
1030644,0,,,,,0,0,,,,,,,,,,,,,,0
1030650,,,,,,,,,,,,0,0,,,1,,1,,,2
1030680,0,,,,,,,,,,,,0,,,,,,,,0
1030721,0,,,,,,,,,,,,0,,0,,,0,,,0
1030878,0,,,,,,,,,,,,0,,,,,,,,0
1030894,0,,,,,0,0,,,,,,,,0,,,,,,0
1030912,,,,,,,,,,,,1,1,,,,,,,,2
1030940,,0,,,,,,,,,,,,,,,,,0,,0
1030942,,,,,,,,,,,,,0,,,,0,0,,,0
1031048,,0,,,,,,,,,,0,,,,0,,,0,,0
1031050,,,,,,,,,,,,,1,,,,,,,,1
1031199,,,,,,,,,,,,,0,0,0,,0,0,,,0
1031201,,0,,,,,,,,,,0,,,,0,,,0,,0
1031204,,0,,,,,,,,,,,1,,,1,,,1,,3
1031208,,,,,,,,,,,,0,0,,,,0,,,,0
1031211,,,,,,,,,,,,,0,,0,,,,0,,0
1031212,,,,,,,,,,,,0,,,,,,,0,,0
1031213,,0,,,,,,,,,,,,,,,,,0,,0
1031216,0,,0,,0,,,,,,,,,,,0,,,,,0
1031252,,1,,,,,,,,,,0,1,,,1,,,0,,3
1031358,0,,,,,,,,,,,,0,,,,,0,,,0
1031370,0,0,,0,0,,,,,,,,,,,,,,,,0
1031376,,0,,,,,,,,,,0,0,0,,,,0,,,0
1031398,,1,,,,,,,,,,,,,,,,,1,,2
1032457,0,,,,,0,0,,,,,,,,,,,,,,0
1032464,,,,,,,,,,,,1,0,,,,,,,,1
1032489,,0,,,,,,,,,,1,,,,1,,,0,,2
1032529,0,,,0,,0,0,,,,,,,,,,,,,,0
1032534,0,,,,,0,1,,,,,,,,,,,,,,1
1032554,,,,,,,,,,,,,0,,,,,,,,0
1032672,,1,,,,,,,,,,1,,,,,,,0,,2
1032736,0,0,0,,,,,,,,,,,,,,,,,,0
1032808,,,,,,,,,,,,,1,,,0,,,,,1
1032845,,,0,0,0,,,,,,,,,,,0,,,,,0
1032894,0,,,,,0,0,,,,,,,,,,,,,,0
1032896,,0,,,,,,,,,,0,0,,,,,,0,,0
1032897,,1,,,,,,,,,,1,,,,,,,,,2
1032900,,0,,,,,,,,,,1,,,,1,,,0,,2
1032901,,0,1,,,,,,,,,,0,0,,,,0,,,1
1032904,,,,,,,,,,,,1,,,0,,,,1,,2
1032936,1,,,,,,,,,,,,1,,,,,,,,2
1033060,0,0,,,0,0,0,,,,,,,,,,,,,,0
1033086,0,,,0,,0,0,,,,,,,,,,0,,,,0
1033098,,0,,,,,,,,,,0,,,,0,,,0,,0
1033099,,0,,0,,,,,,,,0,,,,1,,,,,1
1033178,0,0,,,,0,0,,,,,0,,,,,,,,,0
1033189,,,,,,,,,,,,1,,,,,,,1,,2
1033192,,1,,,,,,,,,,,,,,0,,,0,,1
1033239,0,,,,,,,,,,,,0,0,,,,0,,,0
1033244,0,,,,,0,1,,,,,,,,0,,,,,,1
1033320,0,,0,,0,,,,,,,,,,,,1,,,,1
1033321,,,,,,,,,,,,0,0,1,,,,1,,,2
1033322,,0,,,,,,,,,,0,1,,,,1,,,,2
1033324,,,,,,,,,,,,,0,,,,0,,,,0
1033326,,,,,,,,,,,,0,0,,,0,,,0,,0
1033327,0,0,,,0,,,,,,,0,,,,,,,,,0
1033412,0,,,,,0,0,,,,,,,,,,,,,,0
1033415,0,0,,,,,,,,,,0,,,0,,,,,,0
1033460,0,0,,,0,,,,,,,0,,,,,,,,,0
1033578,1,,,,,,,,,,,0,1,,,0,,,,,2
1033580,0,,,,,,,,,,,0,0,,,,,0,,,0
1033614,0,,,,,0,0,,,,,,,,0,,,,,,0
1033617,0,,,,,,,,,,,,0,,,,,0,,,0
1033639,,,,,,,,,,,,,1,,,,,,1,,2
1033685,,0,0,0,,,,,,,,,,,0,,,,,,0
1033686,,0,,,,,,,,,,0,,,,0,,,0,,0
1033733,,0,,,,,,,,,,,0,,0,0,,0,,,0
1033764,0,,0,,,,,,,,,,,,,,,,,,0
1033807,1,0,,,,1,1,,,,,0,,,,,,,,,3
1033884,0,,,,,0,0,,,,,0,,,0,,,,,,0
1033895,1,,,,,,,,,,,,,,0,,,,,,1
1033903,,0,,,,,,,,,,0,,,,0,,,0,,0
1033982,0,,,,,0,0,,,,,,,,0,,0,,,,0
1033983,0,0,0,,,,,,,,,,,,,,,,,,0
1033997,,,,1,,,,,,,,,,1,,,,,,,2
1034013,,1,,,,,,,,,,0,1,,,1,,,0,,3
1034016,0,,,,,0,0,,,,,,,0,,,,,,,0
1034054,,,,,,,,,,,,0,,,,1,,,0,,1
1034104,,,,,,,,,,,,0,0,,,,,,,,0
1034136,0,,,0,,0,0,,,,,,,,,,,,,,0
1034149,,0,,,,,,,,,,0,,,,0,,,0,,0
1034191,,,,,,,,,,,,1,,,,1,,,,,2
1034194,0,,,,,,,,,,,,1,,1,0,,,,,2
1034197,0,0,,,,,,,,,,,1,,,,,,0,,1
1034244,0,,,,,0,0,,,,,,,,,,,,,,0
1034245,1,,0,0,,,,,,,,,,,0,,,,,,1
1034255,,,,,,,,,,,,0,0,,0,,0,,,,0
1034276,0,,0,,,0,0,,,,,,,,,,,,,,0
1034282,,,,,,,,,,,,0,1,,0,,0,,,,1
1034351,,0,,,,,,,,,,0,1,,0,0,1,,,,2
1034355,,,,,,,,,,,,,0,,,,,,,,0
1034452,,,,,,,,,,,,0,1,,,1,,,,,2
1034472,0,,,,,,,,,,,,0,,,,,0,,,0
1034480,0,,,,0,,,,,,,,,,,,,,,,0
1034481,0,,,,,,,,,,,,0,,,,,0,,,0
1034493,,,,,,,,,,,,,0,,,,0,,0,,0
1034494,0,,0,,,0,0,,,,,,,,,,,,,,0
1034538,0,0,,,,,,,,,,,0,,0,,,,,,0
1034577,,0,,,,,,,,,,,,,,0,,,0,,0
1034635,0,,,,,0,,,,1,,,,0,,,,,,,1
1034732,,0,,,,,,,,,,0,,,,0,,,0,,0
1034757,,,,,,,,,,,,0,,,,0,,,0,,0
1034845,0,,,,,0,,,,,,,,,0,,,,,,0
1034901,1,0,,,,,,,,,,,,,,,,,,,1
1034971,0,0,0,,,,,,,,,,,,,,0,,,,0
1035006,0,,1,1,,,,,,,,,,,0,,,,,,2
1035009,,,,,,,,,,,,,0,,0,,,,,,0
1035051,,0,,,,,,,,,,1,,,,,,,1,,2
1035061,,,,,,,,,,,,1,,,1,1,,,1,,4
1035211,,,,,,,,,,,,,0,,0,0,,0,,,0
1035219,,0,,0,,,,,,,,0,,1,,,,,,,1
1035223,0,,,,,,,,,,,0,,,,,,,,,0
1035260,,0,,,,,,,,,,,,,0,,,,,,0
1035314,0,,,,,,,,,,,,,,,,,,,,0
1035395,,,,,,,,,,,,0,0,,,,,,,,0
1035408,,,,,,,,,,,,0,,,,1,,,0,,1
1035413,,0,,,,,,,,,,0,,,,0,,,0,,0
1035423,,0,,,,,,,,,,,0,,,,,,,,0
1035481,,,,,,,,,,,,1,,,,,,,1,,2
1035577,,,,0,,,,,,,,,,,0,,,,,,0
1035646,0,0,,,,,,,,,,,,,,,,,,,0
1035704,0,,,,,,,,,,,,,,,0,,,,,0
1035796,0,,0,,,,,,,,,,,,,,,,,,0
1035847,,,,,,,,,,,,1,,,,,,,1,,2
1035984,,,,,,,,,,,,,0,,0,,,,,,0
1035993,,0,,,,,,,,,,0,,,,,,,,,0
1036075,0,,,,,,,,,,,,,,,,,,,,0
1036084,0,,,,,,,,,,,0,,,,,,,,,0
1036091,,0,,,,,,,,,,,1,,,,,,,,1
1036363,0,,0,,,,,,,,,,,,,,,,,,0
1036445,,0,,,,,,,,,,1,,,,,,,,,1
1036522,,,,,,,,,,,,0,,,0,,,,,,0
1036576,0,,,0,,,,,,,,,,,,,,,,,0
1036652,,,,,,,,,,,,,1,,,,1,,,,2
1036686,,,,0,,,,,,,,0,,,,,,,,,0
1036692,,0,,,,,,,,,,0,,,,,,,,,0
1036695,0,,0,,,,,,,,,,,,,,,,,,0
1036780,,0,,,,,,,,,,1,,,,,,,,,1
1036909,,,,,,,,,,,,1,1,,,,,,,,2
1036921,0,,,,,,,,,,,0,,,,,,,,,0
1036940,,,,,,,,,,,,0,,,,,,,0,,0
1037035,,,,,,,,,,,,1,1,,,,,,,,2
1037059,1,,,,,,,,,,,,,,0,,,,,,1
1037098,1,,,,,,,,,,,,,,,,,,,,1
1037101,,0,,,,,,,,,,,,,0,,,,,,0
1037104,,1,,,,,,,,,,,,,,,,,1,,2
1037106,,,,,,,,,,,,,1,,,,,,,,1
1037136,,,,,,,,,,,,0,,,0,,1,,,,1
1037217,0,,,,,,,,,,,0,,,,,,,,,0
1037224,,,,,,,,,,,,0,,,,,,,0,,0
1037231,0,,0,,,,,,,,,,,,,,,,,,0
1037325,,,,,,,,,,,,,1,,,,1,,,,2
1037337,,,,,,,,,,,,0,,0,,,,,,,0
1037370,,,,,,,,,,,,0,,,,,,,0,,0
1037456,,,,0,,,,,,,,,,,0,,,,,,0
1037464,,,,,,,,,,,,,,,0,0,,,,,0
1037492,0,,,,,,,,,,,,0,,,,,,,,0
1037530,,,,,,,,,,,,,1,,,,,,0,,1
1037640,,,,,,,,,,,,0,0,,,,,,,,0
1037886,,,,,,,,,,,,0,,,,,,,0,,0
1037894,0,,,,,,,,,,,,,,,,,,,,0
1037968,,,,,,,,,,,,,0,,0,,,,,,0
1038013,,0,,,,,,,,,,,,,,,,,0,,0
1038038,,,,,,,,,,,,1,0,,,,,,,,1
1038087,1,,,,,,,,,,,,,,,,,,,,1
1038091,1,,,,,,,,,,,,,,,,,,,,1
1038092,,,,0,,,,,,,,,,,0,,,,,,0
1038273,0,,,,,,,,,,,0,,,,,,,,,0
1038344,,,,,,,,,,,,0,,,,,,,0,,0
1038386,,,,,,,,,,,,0,,,,,,,0,,0
1038388,,,,,,,,,,,,0,,,,,,,0,,0
1038391,,,,,,,,,,,,0,,,,,,,0,,0
1038393,0,,,,,,,,,,,,,,,,,,,,0
1038395,,,,,,,,,,,,0,,,,,,,0,,0
1038429,,,,,,,,,,,,1,,,,,,,1,,2
1038480,,,,,,,,,,,,,0,,,,0,,,,0
1038488,,,,0,,,,,,,,,,,0,,,,,,0
1038510,,0,,,,,,,,,,,1,,,,,,,,1
1038555,,,,,,,,,,,,0,,,,,,,0,,0
1038702,,,,,,,,,,,,0,,,,,,,0,,0
1038741,,,,,,,,,,,,0,,,,,,,0,,0
1038773,,,,,,,,,,,,,0,,,0,,,,,0
1038796,,0,,,,,,,,,,,0,,,,,,,,0
1038819,,,,,,,,,,,,1,,,,,,,1,,2
1038838,,0,,,,,,,,,,,0,,,,,,,,0
1038845,,,,,,,,,,,,0,,,,,,,0,,0
1038924,,,0,,,,,,,,,,,,0,,,,,,0
1039088,,,,,,,,,,,,0,,,0,,,,,,0
1039127,0,,1,,,,,,,,,,,,,0,,,,,1
1039129,,,,,,,,,,,,0,,,,,,,0,,0
1039146,,,,0,,,,,,,,,,,0,,,,,,0
1039175,0,,,,,,,,,,,,,,0,,,,,,0
1039177,0,,0,,,,,,,,,,,,,,,,,,0
1039214,,1,,,,,,,,,,,,,,,,,1,,2
1039417,,0,,,,,,,,,,,,,0,,,,,,0
1040327,,,,,,,,,,,,,1,,1,,,,,,2
1041019,,,,,,,,,,,,1,,,,,,,,,1
1041486,,,,,,,,,,,,,,,,1,,,1,,2
1041558,1,,,,,,,,,,,,,,,,,,,,1
1041876,,,1,,,,,,,,,,,,,,,,,,1
1042286,,,,,,,,,,,,,,,,1,,,,,1
638369,,0,,,,,,,,,,,0,,,,,1,,,1
711638,,0,,,,,0,0,0,,,0,0,0,0,,0,0,0,0,0
712892,0,0,,,,0,0,,,,,,,,,,,,,,0
721475,0,,0,,0,0,0,,0,0,,,0,,0,,,0,,,0
739513,,0,,,,,0,0,0,0,0,,,0,0,,,,,,0
742398,,1,,,,,,,,,,0,1,,,1,,,0,,3
743622,0,,0,0,0,,,,,,,0,0,0,0,,,0,,,0
744060,0,,,,,0,0,,0,0,,,,,0,,,,,,0
749664,,,,,,,,0,0,0,0,,,,0,,,,,,0
753544,,,,,,,,,,,,,0,,,,,1,1,,2
753958,0,,,,,0,0,0,0,0,0,,,,,,,,,,0
756249,0,,0,0,0,0,0,,0,0,,0,0,0,0,,,0,,,0
756447,,1,,,,,,,,,,,1,,,,,,,,2
756802,0,,,,,,,,,,,,1,,1,,,,,,2
757199,0,,0,0,0,,,,,,,,0,,,,,0,,,0
757739,,0,,,0,,0,0,0,0,0,,0,0,0,,0,0,0,,0
759467,,,,,,,,,,,,,1,,,,,,,,1
760766,,0,,,0,,0,0,0,0,0,0,0,0,0,,0,0,0,0,0
761910,,0,,,,,0,,0,0,,,0,,0,,,0,,,0
762573,0,0,0,0,0,0,0,,0,,,0,0,0,0,,0,0,,,0
763199,,1,,,,,,,,,,,1,,,,,,,,2
763456,,,,,,,0,0,0,0,0,,,,0,,,,,,0
764207,0,0,0,,,,,,,,,,0,,0,,,0,,,0
764463,,0,,,,,0,0,0,1,1,,,,0,,,,,,2
764776,0,0,,0,,0,0,,,,,,,,,,,,,,0
766798,0,,,0,,0,0,0,0,0,0,,,,0,,,,,,0
767480,0,,,,,0,0,0,0,0,0,,,,0,,,,,,0
767619,,,,,,,0,0,0,1,1,,,,0,,,,,,2
768035,1,,,,,,,,,,,,,,,,,,,,1
770011,0,,,,,0,0,0,0,0,0,,0,,,,,0,,,0
770258,0,0,0,0,0,0,0,,0,0,,0,0,0,0,0,0,0,0,,0
772438,,,,,,,0,0,0,1,1,,,,0,,,,,,2
777050,,0,,,,,,0,0,,,,,,,,,,,,0
777853,,,,1,,,,,,,,,1,,,,,,,,2
778890,,,,,,,0,0,0,0,0,0,0,,0,,,0,,,0
779018,,,,,,0,,,,,,,,,,,,,,,0
779928,,0,,,,,0,0,0,0,0,,,,0,,,,,,0
780285,,1,,,,,,,,,,0,1,0,,,,,0,,2
781139,,,,,,,,,0,0,,,,,0,,,,,,0
781508,,1,,,,,,,,,,0,0,,,0,0,1,0,,2
781585,1,,,,,,,,,,,,0,,,,,1,,,2
782223,,0,,,,,,,,,,0,0,1,,,,1,0,,2
782803,0,,,,,0,0,0,0,,0,,,,,,,,,,0
785434,,,,,0,,0,0,0,0,0,,,,0,,,,,,0
785737,0,,0,,,0,0,0,0,,,,0,,0,,,0,,,0
785940,,,,,,,0,0,0,0,0,,0,0,0,,0,0,0,0,0
786147,0,,0,,0,0,0,0,0,0,0,,0,,0,,,0,,,0
788533,,,,,,,0,0,0,0,0,,,,0,,,,,,0
789353,0,,0,0,,0,0,,0,0,,,,0,,0,,,,,0
790208,,,,,,,,0,0,,,,,,,,,,,,0
791833,,,,,,,,,,,,1,1,,,,,,,,2
791881,,,,,,,,,,,,,0,,0,,,,,,0
793400,,0,,,,,0,0,0,0,0,,,,0,,,,,,0
795951,0,0,,,,,,,,,,,,,,,,,,,0
795989,,0,,,,,,,,,,0,0,,,0,,,0,,0
796184,,,,,,,,0,0,0,0,,,,,,,,,,0
796618,,0,0,,0,,0,0,0,0,0,0,0,0,0,,0,0,0,0,0
797538,,,,,,,0,0,0,0,0,,,,0,,,,,,0
798029,1,,,,,,,,,,,,,1,,,,,,,2
798172,,,,,,,0,0,0,0,0,,,,0,,,,,,0
800279,,,,,,,,,,,,1,1,,,,,,,,2
800355,,0,,,,,0,,0,0,,,0,,0,,,0,,,0
801292,0,0,,,,,,,,,,,0,,,,,1,,,1
803529,,,,,,,,0,0,0,0,,,,0,,,,,,0
803711,,1,,,,,,,,,,0,0,0,0,,0,0,0,1,2
803893,,,,,,,0,0,0,0,0,0,,,0,,,,,,0
804526,,,,,,,,0,0,,0,,,,0,,,,,,0
805786,,,,,,,,0,0,0,0,,,,0,,,,,,0
806040,,,,,,,1,0,0,0,0,0,,,0,,,,,,1
806067,1,,,0,,,,,,,,,1,,,,,,,,2
806175,0,,,,,0,0,0,0,0,0,,,,,,,,,,0
806938,,,,,,,0,0,0,0,0,,,,0,,,,,,0
807437,0,0,0,0,0,0,0,,,,,0,0,0,0,0,0,0,0,,0
808547,,,,,,,0,0,0,0,0,,,,,,,,,,0
809534,,,,,,,1,0,0,0,0,,0,,0,,,0,,,1
810558,0,0,0,0,,0,0,,,,,,0,,0,,,0,,,0
811826,,0,,,,,,,,,,0,1,,,0,,,0,,1
812545,0,,,,,0,1,,,,,,,,,,,,,,1
813624,,,,,,,,,,,,1,,,,,,,1,,2
814042,,,,,,,0,,0,0,,,0,,0,,,0,,0,0
817120,,,,,,,1,0,0,0,0,,0,,0,,,0,,,1
819789,,,,,,,0,0,0,0,0,,,,0,,,,,,0
820200,0,0,0,,0,0,0,,0,1,,,,,,,,,,,1
820502,,,,,,,,0,0,0,0,,,,0,,,,,,0
821233,,,,,,,0,0,0,0,0,,0,0,0,,0,0,,,0
821617,,0,,,,,0,0,0,0,0,,0,,0,,,0,,,0
821806,,,0,,0,,0,0,0,0,0,,0,,,,,0,,,0
822443,,,,,,,,0,0,0,0,,,,,,,,,,0
823560,0,0,0,0,0,0,0,,,,,0,0,0,0,0,0,0,0,,0
823693,,,,,,,,,,,,1,,,1,,,,,,2
824052,0,,0,,,,,,,,,,,,,,,,,,0
825808,0,0,,,,0,0,0,0,0,0,0,,0,0,,,,,,0
827826,,,,,,,1,0,0,0,0,,,0,0,,,,,,1
827891,0,,0,0,,0,0,,,,,0,,,,,,,,,0
828732,,,,,,,0,0,0,0,0,0,,,,,,,,,0
829607,,,,,,,0,0,0,0,0,0,,,0,,,,,,0
829674,,1,,,,,,,,,,0,,,,0,,,1,,2
830170,,,,,,,,,,,,0,1,,0,1,,,,,2
830280,0,0,0,,,,,,,,,0,0,0,,0,0,0,0,,0
831063,,,,,,,0,0,0,0,0,,,,0,,,,,,0
831245,,,,,,,,,,,,,0,0,,,,,,,0
831929,,0,,,,,,,,,,,0,0,,,,0,0,,0
832083,0,,0,0,,0,0,,0,0,,,,,0,,,,,,0
832159,0,,,,,0,0,,,,,,,,,,,,,,0
832386,1,0,1,,,,,,,,,0,0,1,,0,,0,0,,3
834177,0,,0,0,0,,,,,,,,,,,,,,,,0
834655,,1,,,,,,,,,,,1,,,0,1,,,,3
834815,,,,,,,,,,,,,0,,0,,,1,,,1
838054,,,,,,,,0,0,,0,,,,,,,,,,0
838520,,,,,,,0,0,0,0,0,,0,,0,,0,0,,,0
839082,,,,,,,0,1,0,,,,0,,0,,0,0,,,1
840229,,,,,,,,0,0,0,0,,,,0,,,,,,0
840446,,,,,,,0,0,0,0,0,,,,0,,,,,,0
840834,1,,,,,,,,,,,,,,,1,,,,,2
841135,,0,,,,,,,,,,,1,1,,,,,,,2
841262,,,,,,,,0,0,0,0,,,,0,,,,,,0
842347,,,,,,,1,0,0,0,0,,,,0,,,,,,1
842519,,,,,,,,0,0,0,0,,,,0,,,,,,0
843057,0,,,0,,0,0,0,0,0,1,,,,0,,,,,,1
847472,,,,,,,0,,0,0,,,,,0,,,,,0,0
849722,0,0,,,,0,0,,0,0,,,,,,,,,,,0
850293,,0,0,,0,,0,,0,0,,0,1,0,0,1,0,0,0,,2
851130,0,,,,,0,0,,0,0,,0,,,0,,,,,,0
851703,,,,,,,0,0,0,0,0,,,,,,,,,0,0
853842,,,,,,,0,0,0,0,0,,,,0,,,,,,0
854011,1,,,,,,,,,,,,1,,,,,,,,2
854166,,1,,,,,,,,,,,0,,,,,1,,,2
854548,0,0,0,0,0,0,0,,0,0,,0,,0,0,,,,,,0
854725,,,,,,,0,0,0,0,0,,0,,0,,,0,,,0
855192,,,,,,,0,0,0,0,0,,,,0,,,,,,0
856859,,,,,,,0,0,0,0,0,,,,,,,,,,0
856878,,1,,,,,,,,,,,1,,,,,,,,2
858181,,,,,,,,,,,,,1,,0,,,,,,1
858786,,,,,,,0,0,0,0,0,,,,0,,,,,,0
859513,,0,,,,,,,,,,,0,0,,0,,0,0,,0
860170,,,,,,,,,,,,,1,,,,,,,1,2
860325,,,,,,,0,0,0,0,0,,,0,0,,,,,,0
860387,0,0,0,0,0,0,0,,0,0,,,0,,0,,,0,,,0
860481,,,,,,,0,0,0,0,0,,0,,0,,0,0,,0,0
860572,,,,,,,0,0,0,0,0,,0,,0,,,0,,,0
862127,,0,,,,,1,0,0,1,0,,0,,,,,0,,,2
862501,,,,,,,0,0,0,0,0,,0,0,0,,0,0,,,0
863257,,0,,,0,,0,0,0,0,0,,,0,0,,,,,,0
864176,,,,,,,0,0,0,0,0,,,,0,,,,,,0
864239,,0,,,,,0,0,0,0,0,,,,0,,,,,,0
865248,,0,,,,,0,0,0,1,1,,,,0,,,,,,2
865368,0,,,,,0,0,0,0,0,0,,,,,,,,,,0
866702,,0,,,,,0,0,0,0,0,,,,0,,,,,,0
867569,,,,,,,0,0,0,0,0,,,,0,,,,,,0
867692,,0,,,,,0,0,0,0,0,0,0,0,0,,0,0,,0,0
867995,,0,,,,,,0,0,0,0,,,,0,,0,,,,0
868149,,,,,,,0,0,0,0,0,,,,0,,,,,,0
868252,,,,,,,,0,0,0,0,,,,0,,,,,,0
869541,,,,,,,,0,0,0,0,,,,0,,,,,,0
870208,0,,,,,,,,,,,,0,,0,,,0,,,0
870801,,,,,,,1,0,0,0,0,,,,0,,,,,,1
870908,,,,,,,,,,1,,,,,0,,,,,,1
871112,,,,,,,,0,0,0,0,,,,,,,,,,0
871186,,,,,,,,0,0,0,0,,,,0,,,,,,0
871263,,,,,,,0,0,0,0,0,,,,0,,0,,,,0
871947,,1,,,,,,,,,,,1,,,,,,,,2
873088,,0,,,,,0,0,0,0,0,,0,,0,,,0,,,0
873173,0,0,0,,,0,0,,,,0,,0,0,,,,0,,,0
873339,,,,,,,0,,0,0,,,,,0,,,,,,0
873896,,,,,,,,0,0,0,1,,0,,,,,0,,,1
874034,,0,,,,,1,0,0,1,1,,0,,0,,,0,,,3
874678,,0,,,,,,,,,,0,0,0,0,,,0,,,0
876387,,,,,,,0,0,0,0,0,,,,,,,,,,0
876679,,,,,,,0,0,0,0,0,0,,,0,,,,,,0
876797,,0,,,,,0,0,0,0,0,,,,,,,,0,,0
876843,,0,,,,,,,,,,,0,,,,,0,1,,1
877320,0,,,,,,,,,,,0,,0,,,,,,,0
877760,,,,,,,0,,0,0,,,,,,,,,,,0
878674,,,,,,,0,0,0,0,0,,,,0,,,,,,0
879196,,,,,,,0,0,0,0,0,,,,0,,,,,,0
880418,0,0,0,0,0,0,0,0,0,0,0,0,0,0,0,0,0,0,0,,0
880816,,0,0,,0,,0,0,0,0,1,0,1,0,0,0,0,0,0,,2
880972,,,,,,,,0,0,0,0,,,,0,,,,,,0
881207,,,,,,,0,0,0,0,0,,,,0,,,,,,0
881368,,,,,,,,0,0,,0,,,,0,,,,,,0
883059,,,,,,,,0,0,0,0,,,,,,,,,,0
884743,,,,,,,,0,0,,0,,,,0,,,,,,0
885139,,,,,,,0,0,0,0,0,,,,0,,,,,,0
885144,0,0,,,0,0,0,0,0,0,1,,0,,,,,0,,,1
885334,,0,,,,,,,,,,,0,,0,,0,0,,,0
886183,,,,,,,,0,0,0,0,,,,0,,,,,,0
887526,,0,0,,0,,0,,0,0,,,0,,0,,,0,,,0
887619,,1,,,,,,,,,,0,1,,,0,,,0,,2
887901,,,,,,,0,0,0,0,0,0,,,0,,,,,,0
888418,,0,,,,,,,,,,0,1,1,,0,0,,0,,2
889650,,,,,,,0,0,0,0,0,,,,0,,,,,,0
889828,,,,,,,0,0,0,0,0,,0,0,0,,,0,,,0
889987,,,,,,,,0,0,0,0,,,,0,,,,,,0
890220,,1,,,,,0,1,0,,,,0,,0,,,0,,,2
890283,,0,,,,,0,0,0,,,0,0,0,0,,0,0,0,0,0
890356,,0,,,,,0,0,0,0,0,0,0,0,0,,0,0,0,0,0
890907,,,,,,,0,0,0,0,0,,,,0,,,,,,0
891029,,0,0,,0,,,,,,,0,0,0,0,0,0,0,0,,0
891319,,,,,,,0,0,0,0,0,,,,0,,,,,,0
891377,,,,,,,0,0,0,0,0,,,,,,,,,,0
891488,,,,,,,,0,0,0,0,,,,0,,,,,,0
891586,,,,,,,0,0,0,0,0,,0,,0,,0,0,,,0
891910,0,0,,,,0,0,,0,,0,,,,,,,,,,0
891946,,,,,,,0,0,0,0,0,,0,,0,,,0,,,0
892312,0,,0,,0,0,0,,0,0,,,,,,,0,,,,0
892545,,0,,,,,0,0,0,0,0,0,0,0,0,,0,0,0,0,0
892557,0,,,,,0,0,0,0,0,0,0,0,,0,,,0,,,0
892635,,0,,,,,,,,,,,,,0,,,,,,0
893211,,,,,,,0,0,0,1,1,,,,,,,,,,2
893344,,0,,,,,,,,,,0,0,,,1,,,0,,1
893482,,,,,,,0,0,0,0,0,,,,0,,,,,,0
893526,,,,,,,0,,0,0,,0,0,0,0,,,0,0,0,0
893580,,0,,,,,0,0,0,0,0,0,,,0,,0,,,,0
893882,,,,,,,0,0,0,0,0,,,,0,,,,,,0
893913,,,,,,,0,0,0,0,0,,,,0,,,,,,0
894233,,,,,,,0,0,0,0,0,,,,0,,,,,,0
894394,,,,,,,,,,,,,1,,,,,,1,,2
895240,,,,,,,0,0,0,0,0,,0,,0,,,0,,,0
895351,0,0,0,0,0,0,0,0,0,0,0,,0,0,0,,,0,,,0
895832,,,,,,,0,0,0,0,0,,,,0,,,,,,0
895903,,,,,,,,,,,,,1,,,,,,0,,1
896063,,0,,,,,,,,,,,0,,,,,,,,0
896068,,,,,,,0,0,0,0,0,0,,,0,,,,,,0
898123,,,,,,,0,0,0,0,0,,,,0,,,,,,0
898231,,0,,,,,0,,0,0,,0,0,,0,,,0,,,0
898314,,,,,,,0,0,0,0,0,,,,0,,,,,,0
898513,,0,,,,,0,0,0,0,0,0,0,,0,,0,0,,,0
898595,,,,,,,0,0,0,0,0,,,,0,,,,,,0
898598,,0,,,,,,0,0,,0,,,,0,,,,,,0
898620,,,,,,,0,0,0,0,0,,,0,0,,,,,0,0
898790,,0,,,,,0,0,0,0,0,,,,0,,,,,,0
899068,,0,,,,,0,0,0,0,0,0,,0,0,,,,0,,0
899276,,,,,,,0,0,0,0,0,,,,0,,,,,,0
899605,,,,,,,0,0,0,0,0,,,,0,,,,,,0
899644,,,,,,,0,0,0,0,0,,0,,0,,,0,,,0
900090,,0,,,,,0,0,0,0,0,,,,0,,,,,,0
900121,,,,,,,0,0,0,0,0,,,,0,,,,,,0
900347,0,,,0,0,0,0,0,0,0,1,,0,,,,,0,,,1
900706,,,,,,,0,0,0,0,0,0,0,,0,,,0,,,0
901849,0,,,,,0,0,,0,0,,,,,,,,,,,0
901858,,,,,,,0,0,0,0,0,,,,0,,0,,,,0
902206,,0,,,,,0,0,0,0,0,0,0,,0,,,0,,,0
902406,,,,,,,1,0,0,0,0,,,,0,,,,,,1
902948,,,,,,,0,0,0,0,0,,,,0,,,,,,0
903114,0,,,,,0,0,0,0,0,0,,,,,,,,,,0
903132,,0,,,,,0,0,0,0,0,0,0,,0,,0,1,,0,1
903546,,,,,,,0,0,0,0,0,,,,0,,,,,,0
904033,,,,,,,0,0,0,0,0,,,,0,,,,,,0
904225,,,,,,,0,1,0,,,,,,0,,,,,,1
904711,,0,,,,,,,,,,0,0,0,,0,0,0,0,,0
905986,,0,,,,,0,0,0,0,0,,0,,0,,,0,,0,0
906300,,,,,,,0,0,0,0,0,0,,,0,,,,,,0
906587,,,,,,,1,,,,,,,,0,,,,,,1
906656,,,,,,,,0,0,0,0,,0,,0,,,0,,,0
906671,,,,,,,,0,0,0,0,,,,0,,,,,,0
906686,,,,,,,0,0,0,0,0,,,,0,,,,,,0
906704,0,0,,0,,0,0,1,0,,,,,,,,,,,,1
907011,,,,,,,0,0,0,0,0,,,,,,,,,,0
907408,,,,,,,,,,,,0,1,,,,,1,,,2
907454,0,,0,0,0,0,0,0,0,1,,,0,,0,,0,0,,,1
907518,0,,,,,0,0,0,0,0,0,,,,,,,,,,0
907532,,,,,,,,,,,,,1,,,,,,,,1
907953,0,,0,,,0,0,0,0,,0,,,,,,,,,,0
908199,,1,,,,,,,,,,,1,,0,,,,,,2
908273,,0,,,,,0,0,0,0,0,0,0,0,0,,0,0,0,0,0
908289,0,0,0,0,0,0,0,0,0,0,0,0,0,,,,,0,,,0
908411,,0,,,,,1,0,0,0,0,,0,,0,,,0,,,1
908991,,,,,,,0,0,0,0,0,,,,0,,,,,,0
909143,,,,,,,0,0,0,0,0,,,,0,,,,,,0
909286,,,,,,,0,,,,,,,,0,,0,,,,0
909597,,,,,,,0,0,0,0,0,,0,,0,,,0,,,0
910121,,0,,,,,0,0,0,0,0,0,,,0,,,,,,0
910172,,0,,,,,,0,0,0,0,,,,0,,,,,,0
910775,,1,,,,,,,,,,,1,,,,,,,,2
910910,,,,,,,0,0,0,0,0,,,,0,,,,,,0
910945,,,,,,,,,,,,,1,,,,,,,,1
911384,,0,,,,,,,,,,,0,1,1,,,0,,,2
911796,,,,,,,0,,0,0,,,0,0,0,,,0,,,0
912444,,,,,,,,0,0,,0,,0,,0,,,0,,,0
912503,,,,,,,0,0,0,1,1,0,,,0,,,,,,2
912681,,,,,,,0,0,0,0,0,,0,0,0,,,0,,,0
912697,,,,,,,0,0,0,0,0,,,,0,,,,,,0
912737,,,,,,,,,,,,,,,1,,,,,,1
912973,,,,,,,0,0,0,0,0,,,,0,,,,,,0
913138,,0,,,,,0,,,,,0,0,,0,,,0,,0,0
913144,,,,,,,0,0,0,0,0,,,,0,,,,,,0
913451,,0,,,,,0,0,0,0,0,,,0,0,,,,,,0
913603,,0,0,,,,1,1,0,,,0,,,,,,,,,2
913764,,0,,,,,,0,0,0,0,0,,,0,,,,,,0
914243,,,,,,,0,0,0,0,0,0,0,,0,,,0,,,0
914452,,,,,,,1,0,0,0,1,0,,,0,,,,,,2
914454,,,,,,,0,0,0,0,0,,,,0,,,,,,0
915388,,,,,,,0,0,0,0,0,,,,0,,,,,,0
915497,1,,,0,,,,,,,,,,,,,,,,,1
915928,,,,,,,0,0,0,0,0,,,,0,,,,,,0
915941,,,,,,,,,,,,,0,,,,,,,0,0
916044,,,,,,,0,0,0,0,0,0,,,0,,,,,,0
916155,0,0,,0,0,0,0,1,0,1,,,,0,0,,,0,,,2
916728,,,,,,,0,0,0,0,0,,,,0,,,,,,0
916882,,0,,,,,,,,,,0,0,0,,,,,,,0
917381,,,,,,,0,0,0,0,1,,,,0,,,,,,1
917962,,,,,,,1,0,0,0,0,,,,0,,,,,,1
918532,,1,,,,,,,,,,,1,,,,,,1,,3
918932,0,,0,,,0,0,0,0,1,,0,,0,0,,,,,,1
919676,,0,,,,,,,,,,,0,0,1,,,0,0,1,2
919777,,,,,,,0,0,0,0,0,0,,,,,,0,,0,0
921327,,0,,,,,0,0,0,0,0,0,0,0,0,,0,0,0,0,0
921415,,1,,,,,,,,,,,1,,,,,,,,2
922081,0,,,,,0,0,0,0,0,0,,,,,,,,,,0
922537,,,,,,,,0,0,0,0,,,,0,,,,,0,0
922558,,0,1,,0,,0,0,0,0,0,0,0,0,0,,0,0,0,0,1
922638,,1,,,,,,,,,,,1,,,,,,,,2
923338,,,,,,,,,,,,1,0,,,,,,,,1
923836,0,,0,,,,,,,,,,,,,,,,,,0
924123,,,,,,,,0,0,0,0,,,,0,,,,,,0
924537,,,,,,,0,0,0,0,0,,0,,0,,,0,,,0
925173,0,,0,,,0,0,,0,0,,,,,,,,,,,0
925302,0,,1,,,,,,,,,,,0,,,0,,,,1
925318,,,,,,,0,0,0,0,1,,,,,,,,,,1
925600,,,,,,,0,,0,0,,,0,,0,,,0,,,0
925619,,,,,,,1,0,0,0,0,,,,0,,,,,,1
925649,,,,,,,0,0,0,0,0,,,,0,,,,,,0
925985,,0,,,,,0,0,0,0,0,0,0,0,0,,0,0,0,0,0
926018,0,,,0,,0,0,0,0,0,0,,0,,,,0,0,,,0
926143,,0,,,,,0,0,0,0,0,,,,0,,,,,,0
926199,,,,,,,0,0,0,0,0,,,,0,,,,,,0
926371,,,,,,,0,0,0,0,0,,,,0,,,,,,0
926686,0,,,0,,0,0,0,0,0,0,,,,,,,,,,0
926741,,,,,,,,0,0,0,0,,,,0,,,,,,0
926934,1,,,,,,,,,,,,1,,,1,,,,,3
927062,,,,,,,,0,0,0,0,,,,0,,,,,,0
927192,0,0,0,1,1,,,,,,,,0,,0,,0,0,,,2
927228,0,,0,,,0,0,0,0,,,,,,,,,,,,0
927298,,,,,,,,0,0,0,0,,,,0,,,,,,0
927439,,,,,0,,0,1,0,,,,0,,0,,1,1,,,3
927466,0,,0,,,0,0,0,0,0,0,,,,,,,,,,0
927554,,,,,,,0,0,0,0,0,,,,0,,,,,,0
927676,,,,,,,0,0,0,1,1,,,,0,,,,,,2
928124,,,,,,,0,0,0,0,0,,,,0,,,,,,0
928164,,,,,,,0,0,0,0,0,,,,,,,,,,0
928563,0,,,,,0,0,0,0,1,1,,,,,,,,,,2
928582,,,,,,,,0,0,0,0,0,,,0,,,,,,0
929831,,,,,,,0,0,0,1,1,,1,,0,,,1,,,4
929980,,,,,,,0,0,0,0,0,,,,0,,0,,,,0
930620,,,,,,,1,,,,,,1,,0,,0,0,,,2
931139,,,,,,,0,0,0,0,0,,,,,,,,,,0
931171,,,,,,,0,0,0,1,1,,,,,,,,,,2
931256,,,,,,,0,0,0,0,0,,1,,,,,0,,,1
931275,0,,,,,,,,,,,,0,,,,,,,,0
931691,,,,,,,0,0,0,0,0,,,,0,,,,,,0
932495,,,,,,,0,0,0,0,0,,,,0,,,,,,0
932931,,,,,,,,,,,,,1,,,,,,1,,2
933092,,,,,,,,0,0,0,0,,,,,,,,,,0
933389,,0,,0,,,,,,,,0,0,0,,0,,,0,,0
933495,0,,0,,,0,0,0,0,0,0,,,,,,,,,,0
933550,,,,,,,0,0,0,0,0,,,,,,,,,,0
933712,0,,0,0,,0,0,0,0,0,0,,,,,,,,,,0
934617,,,,,,,1,0,0,0,0,,,,0,,,,,,1
935194,,,,,,,,0,0,0,0,,,,,,,,,,0
935391,,,,,,,0,0,0,0,0,,,,0,,,,,,0
935695,0,,0,,0,0,0,0,0,0,0,,0,,,,,0,,,0
936117,,,,,,,0,0,0,0,0,,,,0,,,,,,0
936501,,,,,,,0,0,0,0,0,,,,0,,0,,0,,0
936520,,,,,,,,0,0,0,0,,,,,,,,,,0
936967,,,,,,,,,,,,,1,,,,,,,,1
936989,,,,,,,0,0,0,0,0,,0,,0,,,0,,,0
937045,,0,,,,,0,0,0,0,0,0,,0,0,,0,,,,0
937293,0,0,0,0,0,0,0,0,0,1,1,0,0,0,0,0,0,0,0,,2
937460,0,,,0,0,0,0,0,0,0,0,,,,0,,,,,,0
937495,0,0,0,0,0,,,,,,,,0,,0,0,0,0,,,0
937736,0,,,,,0,0,0,0,0,0,,0,,,,,0,,,0
937767,,,,,,,0,0,0,0,0,0,,,,,,,,,0
937780,,,,,,,0,0,0,0,0,0,,,0,,,,,,0
938098,0,,,,,0,0,,0,0,,0,,,,,,,,,0
938751,0,,,0,,0,0,0,0,0,0,,,,,,,,,,0
939348,,0,,,,,0,0,0,0,1,0,0,,,,0,0,,,1
939581,,0,,,,,0,0,0,0,0,,,,0,,,,,,0
939920,,0,0,,0,,0,0,0,0,0,0,0,0,0,0,0,0,0,1,1
939990,,0,,,0,,0,0,0,0,0,0,0,0,1,,0,1,,1,3
940278,,,,,,,0,0,0,0,0,,,,,,,,,,0
940382,0,,,,0,0,0,0,0,0,0,,,,,,,,,,0
940852,,,,,,,0,0,0,0,0,,,0,0,,,,,,0
941012,,,,,,,0,0,0,0,0,0,,,,,,,,,0
941126,,,,,,,0,0,0,0,0,,,,0,,,,,,0
941203,,,,,,,,,,,,,1,,,,,,,,1
941439,,,,,,,0,0,0,0,0,,,,0,,,,,,0
941473,0,0,,,,0,0,0,0,0,0,,,,0,,,,,,0
941525,0,0,0,0,0,0,0,0,0,0,0,0,,0,0,,,,,,0
941586,,,,,,,,0,0,,,,,,0,,,,,,0
941944,,,,,,,0,0,0,0,0,,0,,,,,0,,,0
942051,,,,,,,0,0,0,0,0,,0,,0,,,0,,,0
942077,,,,,,,0,0,0,0,0,,0,,0,,,0,,,0
942191,,0,0,,0,,0,0,0,0,0,0,0,,0,,0,0,,0,0
942246,,,,,,,0,0,0,0,0,,,,0,,,,,,0
942415,,,,,,,0,0,0,0,0,,,,,,,,,,0
942495,,,,,,,0,0,0,0,0,,,,0,,0,,,,0
942580,0,,,,,0,0,1,0,,,,0,,0,,,0,,,1
943147,,,,,,,0,0,0,0,0,,,,,,,,,,0
943278,0,,0,0,,0,0,,,,,,,,,,,,,,0
943507,,,,,,,0,0,0,0,0,,0,,0,,,0,,,0
943566,,,,,,,0,0,0,0,0,,,,0,,,,,,0
943958,,,,,,,,,,,,,1,,,1,,,,,2
944363,,,,,,,0,0,0,0,0,,,,,,,,,,0
944452,0,,0,,,0,0,0,0,0,0,,,,,,,,,,0
944529,,,,,,,0,0,0,0,0,,0,,0,,,,,,0
944549,,,,,,,0,0,0,,0,,,,0,,,,,,0
945394,,,,,,,,0,0,0,0,,,,,,,,,,0
945914,0,,,,0,0,0,1,0,,,,,,,,,,,,1
945922,,0,,,,,0,0,0,0,0,0,,0,0,,,,,0,0
946137,,,,,,,0,0,0,0,0,,,,,,,,,,0
946161,,,,,,,0,0,0,0,0,,,,0,,,,,,0
946326,0,,0,,,0,0,0,0,0,0,0,,,,,,,,,0
946554,,0,,,,,0,,,,,,0,,0,,,0,,,0
946602,0,0,0,0,1,,,,,,,0,0,0,0,0,0,0,0,,1
947110,0,,,,0,0,,,,,,,,,,0,,,,,0
947172,,,,,,,0,0,0,0,0,,,,0,,0,,,,0
947341,0,0,0,0,0,0,0,,0,0,,,,0,0,,,,,,0
947574,,0,,,,,,0,0,1,1,0,,,0,,,,,,2
947725,,,,,,,0,0,0,1,0,,,,0,,,,,,1
947918,0,0,,0,,,,,,,,,0,,,,,1,1,,2
948058,,,,,,,0,0,0,0,0,0,0,,0,,0,0,,,0
948385,,0,,,0,,0,0,0,0,0,,0,0,0,,,0,0,,0
948754,,0,1,,,,0,0,0,1,0,0,0,0,0,,1,1,0,0,4
948776,0,,,,,0,0,0,0,0,0,,,,,,,,,,0
948993,0,,,0,,0,0,0,0,0,0,,,,,,,,,,0
949125,0,,0,0,0,0,0,,0,0,,0,0,0,0,,,0,,,0
949217,,,,,,,,0,0,0,0,,,,,,,,,,0
949352,0,,,,0,0,0,0,0,0,0,,1,,,,,0,,,1
949364,0,,0,,,0,0,0,0,,,,,,0,,,,,,0
949369,,,,,,,1,0,0,1,1,,,,,,,,,,3
949485,,,,,,,0,0,0,0,0,,,,0,,,,,,0
949550,,,1,,1,,0,0,0,0,0,,1,0,0,,0,0,,,3
950053,,,,,,,0,0,0,0,0,,,,,,,,,,0
950297,,,,,,,,,,,,,1,,,,,1,,,2
950340,,,,,0,,0,0,0,0,0,0,0,,,,0,0,,,0
951214,,1,,,,,,,,,,0,,,,1,,,0,,2
951609,0,,,,,0,0,0,0,0,0,,,,,,,,,,0
951713,,0,,,,,1,0,0,,,0,1,,0,,,0,,,2
951817,,,,,,,,0,0,0,0,,,,,,,,,,0
952229,,1,,,,,,,,,,,,,,,,,1,,2
952249,0,,,,,0,0,,,,,,,,,,,,,,0
952342,0,,,,,0,0,0,0,0,0,,,,,,,,,,0
952407,,,,,,,0,0,0,0,0,,,,0,,,,,,0
952748,,0,,,,,,,,,,0,0,,0,,,0,,,0
952894,,,,,,,1,0,0,0,0,,,,,,,,,,1
952915,0,,0,,,0,0,0,0,0,0,,,,,,,,,,0
952973,1,,,,,,,,,,,,1,,,,,,,,2
952987,,,,,,,0,0,0,1,1,,,,,,,,,,2
952998,,,,,,,,0,0,0,0,,,,,,,,,,0
953036,0,,,0,,0,0,0,0,0,0,,,,,,,,,,0
953120,0,0,0,,,0,1,,,,,,,,0,,,,,,1
953185,,,,,,,0,,0,0,1,,,,0,,,,,,1
953247,,,,,,,0,0,0,0,0,,,,,,,,,,0
953589,,0,,,0,,0,0,0,0,0,0,0,0,0,,0,0,0,0,0
953642,,,,1,,,,,,,,,1,,,,,,,,2
953649,,0,,,,,,,,,,0,1,,,1,,,0,,2
953688,,,,,,,,0,0,0,0,,,0,,,,,,,0
953842,1,,,,,0,0,0,0,0,0,,,,,,,,,,1
954674,,,,,,,0,0,0,0,0,0,,,0,,,,,,0
954686,,,,,,,0,0,0,0,0,,,,0,,,,0,,0
954869,0,,,,,0,0,0,0,0,0,,,,,,,,,,0
955300,,1,,,,,,,,,,,,,,,,,1,,2
955374,0,,,,,0,0,0,0,0,0,0,,,,,,,,,0
955434,,1,1,,0,,0,0,0,0,0,0,0,0,0,,0,0,,0,2
956246,,,1,,0,,0,0,0,0,0,,0,0,,,,0,,,1
956525,,,,,0,,0,0,0,0,0,,0,,,,,0,,,0
956846,,,,,,,,,,,,,1,,,,,,,,1
956997,0,,,,,0,0,0,0,0,0,,,,,,,,,,0
957026,,0,,,0,,0,0,0,0,0,,0,,,,,0,,,0
957136,,,,,,,0,0,0,0,0,,,,0,,0,,0,,0
957460,,,,,,,0,0,0,0,0,,0,,0,,,0,,,0
957602,0,,,0,,,,,,,,,0,,0,,0,1,,,1
957623,,,,,,,0,0,0,0,0,,,,0,,,,,,0
958064,,0,,,,,0,0,0,1,0,,0,,,,,1,,,2
958201,,0,1,0,,,,,,,,0,0,1,0,0,,0,0,,2
958580,0,,,,,0,0,0,0,0,0,,,,0,,,,,,0
958662,,,,,,,,,,,,,0,1,,,,1,,0,2
958937,0,0,,,,0,0,0,0,0,0,,,,0,,,,,,0
959153,0,,0,,,0,0,1,0,,,,,,,,,,,,1
959231,,0,,,,,,,,,,0,1,0,,,,,,,1
959315,1,,0,0,1,,,,,,,,0,,0,0,0,0,,,2
959587,,0,,,,,,,,,,,1,,0,,0,0,,0,1
959588,,0,,,,,0,0,0,0,0,,0,,,,,0,,,0
959635,0,0,0,0,0,0,0,0,0,0,0,0,0,0,0,0,0,0,0,,0
959726,0,1,,0,0,0,0,0,0,0,1,,0,,,,,0,,,2
959973,,,,,0,,1,,,,,0,1,,0,0,1,0,,1,4
960553,,0,,,0,,0,0,0,1,1,0,0,,,,,0,,,2
960690,0,,0,,0,0,0,,,,,0,,,0,,,,,,0
961087,,,,,,,0,0,0,0,0,,,,,,,,,,0
961196,,0,,,,,,0,0,0,0,,,,,,,,,,0
961433,,0,,,0,,1,0,0,0,0,0,0,,0,,,0,,,1
961477,0,,0,,,1,1,,,,,,,,,,,,,,2
961561,,,,,,,0,0,0,0,0,,,,,,,,,,0
961776,,,,,,,0,0,0,0,0,,,,,,,,,,0
961890,,,,,,,,0,0,0,1,,,,,,,,,,1
961972,,,,,,,0,0,0,0,0,,,,,,,,,,0
962631,,0,,,,,0,0,0,1,1,,,,,,,,,,2
962748,,0,,,,,0,0,0,0,0,,,0,0,,,,,,0
962878,,,,,,,,0,0,0,0,,0,,,,,0,,,0
963252,,,,,1,,1,1,0,,,0,1,,0,,,1,,,5
963346,,0,,,,,0,0,0,0,0,,,,,,,,,,0
963596,0,,0,0,0,0,0,,,,,,0,,,,,0,,,0
963610,,,,,,,0,0,0,0,0,,,,,,,,,,0
963632,,,,,,,0,0,0,0,0,0,,,,,,,,,0
963764,,0,0,,,,0,0,0,0,0,0,0,0,,,0,0,0,0,0
963836,0,,,,,0,0,0,0,0,0,,,,,,,,,,0
964023,,,,,,,,0,0,0,0,,,,,,,,,,0
964278,1,0,,,,0,1,,,,,,,,,,,,,,2
964299,0,,,,,0,0,,0,0,,,,,,,,,,,0
964364,,,,,,,,,,,,,1,,,,,,,,1
964423,0,0,0,0,0,0,0,,0,0,,0,0,0,0,0,,0,0,,0
964817,0,0,0,0,0,0,0,0,0,0,0,0,0,,0,0,0,0,,,0
965245,0,,,,,0,0,0,0,0,0,,,,,,,,,,0
965379,0,,,0,,0,0,0,0,0,0,,,,0,,,,,,0
965392,0,,0,,,0,0,,,,,0,,,,,,,,,0
965566,,0,,,,,,,,,,1,1,,,1,,,0,,3
965616,0,,0,,,,,,,,,,,0,,0,,,,,0
965778,0,0,0,0,0,0,0,1,0,,,,0,0,0,,,0,,,1
966076,,,,,,,0,0,0,0,0,,,,,,,,,,0
966389,,,,,,,0,,0,0,,,,,,,,,,,0
966392,0,0,0,0,0,0,0,0,0,0,0,0,0,0,0,0,0,0,0,,0
966602,,,,,,,0,0,0,0,0,,,,,,,,,,0
966645,,0,,,,,,,,,,0,1,0,,0,1,,,,2
966683,0,,0,0,,0,0,,0,0,,,,,,,,,,,0
966685,,,,,,,0,0,0,0,0,,,,,,,,,,0
966704,,,,,,,0,0,0,0,0,,,,,,,,,,0
966841,,,,,,,0,0,0,0,0,,,,,,,,,,0
966874,0,,,,,0,0,0,0,0,0,,,,,,,,,,0
966966,,,,,,,,,,,,0,,,,,,,0,,0
967039,0,,,,,0,0,1,,,,0,,,,,,,,,1
967045,,,0,,,,0,0,0,1,1,0,0,0,,,0,0,,,2
967127,,,,,,,0,0,0,0,0,,,,,,,,,,0
967129,,0,,,,,0,0,0,0,0,,,0,0,,,,,,0
967440,0,,,,,0,0,,0,0,,,,,0,,,,,,0
967441,,0,0,,,,0,0,0,0,1,0,0,,,,,0,,,1
967446,,0,0,,0,,0,0,0,0,1,,1,,0,,0,0,,,2
967451,,,,,,,1,0,0,0,0,,,,,,,,,,1
967533,,,,,,,,0,0,0,0,,,,,,,,,,0
967535,,,,,0,,0,0,0,0,0,,0,,,,,0,,,0
967537,,0,0,,0,,0,,0,0,,0,0,0,0,0,0,0,0,,0
967541,0,,0,,,0,0,,0,0,,,,,,,,,,,0
967727,0,0,0,0,0,0,0,0,0,0,0,0,0,0,0,0,0,0,0,,0
967771,0,,0,0,,0,0,0,0,0,0,,,,0,,,,,,0
967792,0,,,,,0,0,0,0,0,0,,,,,,,,,,0
967890,,,,,,,0,0,0,0,0,,,,,,,,,,0
967900,,,,,,,0,0,0,1,1,,,,,,,,,,2
967999,,,,,,,0,0,0,0,0,,,,,,,,,,0
968228,,,,,,,0,0,0,0,0,,,,,,,,,,0
968525,,,,,,,,,,,,,1,,,,,,,1,2
968561,,,,,,,0,0,0,0,0,,,,,,,,,,0
968562,,,,,,,0,0,0,0,0,,,,0,,,,,,0
968564,,1,,,,,,,,,,,,1,0,,,,,,2
968721,,,,,,,0,0,0,0,0,,,,0,,,,,,0
968763,,,,,,,0,0,0,0,0,,,,0,,,,,,0
968894,,0,0,,,,0,,0,0,,,,,,,,,,,0
968982,,,0,,,,,0,0,0,0,,0,,,,,0,,,0
968987,,,,,0,,0,,,,,,0,,,,0,1,,,1
969031,,,,,,,,0,0,0,0,,,,,,,,,,0
969146,,,0,,0,,0,0,0,0,0,,0,,0,,,0,,0,0
969186,,0,1,,,,1,,,,,,,,0,,,,,,2
969201,,1,,,,,,,,,,,,,,,,,,,1
969211,,,,,,,0,,0,0,,,,,0,,,,,,0
969215,0,,,,,0,0,0,0,0,0,,,,0,,0,,,,0
969337,,,,,0,,,0,0,0,1,,,,0,,,,,,1
969342,,,,,,,0,0,0,0,0,,,,,,,,,,0
969385,,,,,,,0,0,0,1,1,,,,0,,,,,,2
969386,,0,,,,,0,0,0,0,0,,,,,,,,,,0
969563,,0,,,,,0,0,0,0,0,,,,,,,,,,0
969568,,0,1,,0,,1,,,,,,0,0,0,,,0,,,2
969664,,0,0,,,,0,,0,0,,0,,0,0,0,,,,,0
969777,,,,,,,0,0,0,0,0,,,,,,,,,,0
969922,,,,,,,,0,0,0,0,,,,,,,,,,0
969931,,0,,,,,0,0,0,0,0,,,,,,,,,,0
970100,,0,,,,,0,0,0,0,0,,,,0,,,,,,0
970306,0,0,0,0,0,0,0,0,0,1,0,,,,,,,,,,1
970568,0,,,0,,,,,,,,,1,,,0,0,,,,1
970584,0,0,0,,,,,,,,,0,0,0,,,0,0,,,0
970648,,0,,,,,0,0,0,0,0,,,,0,,,,,,0
970941,0,0,,,,0,0,0,0,0,0,,,,0,,,,,,0
970963,,,,,,,0,0,0,,0,,,,,,,,,,0
971013,,,,,,,,1,1,,,,,,,,,,,,2
971054,0,,,,,0,0,,0,0,,,,,,,,,,,0
971066,,,0,,,,,0,0,0,0,,,0,0,,,,,,0
971114,,,,,,,0,0,0,0,0,,,,,,,,,,0
971201,,,,,,,0,,0,0,,,,,,,,,,,0
971207,,0,,,,,0,,0,0,,,0,,,,0,0,,,0
971227,,,,,,,0,0,0,0,0,0,,,0,,,,,,0
971230,,,0,,0,,0,0,0,0,0,,0,0,,,,0,0,,0
971499,,,0,,0,,0,0,0,,,,0,,0,,,0,,,0
971506,0,,,,,0,0,0,0,,,,,,0,,,,,,0
971539,,,,,,,0,0,0,0,0,,,,,,,,,,0
971565,,0,0,,,,0,0,0,0,0,0,,,0,,,,,,0
971653,,,,,,,,0,0,0,0,,,,,,,,,,0
971726,,,,,,,0,0,0,0,0,,,,0,,,,,,0
971790,,,,,,,0,0,0,0,0,,,,,,,,,,0
971848,,,,,,,0,0,0,0,0,,0,,,,,0,,,0
971941,,,,,,,,0,0,0,0,,,,,,,,,,0
972002,,,,,,,,0,0,,0,,,,,,,,,,0
972031,,1,1,,0,,0,0,0,1,1,0,,,,,,,,,4
972032,,,,,,,0,0,0,0,0,,,,,,0,,,,0
972118,0,,0,,,,,,,,,,0,1,,,,0,,,1
972133,0,0,0,0,,0,1,,,,,,0,,,,,0,,,1
972145,0,,,,,0,0,0,0,0,1,,,,,,,,,,1
972169,0,,,,,0,0,0,0,0,0,,,,0,,,,,,0
972182,,,0,,0,,,,0,0,,,0,,,,,0,,,0
972211,,,,,,,0,0,0,0,0,,,,,,,,,,0
972215,,0,,,,,,,,,,,1,,,,,,,,1
972216,0,,,,,,,,,,,0,1,,0,0,,,,,1
972283,,,,,,,0,0,0,0,0,,,,,,,,,,0
972307,,,1,,0,,,,0,0,,,0,0,,,,0,,,1
972331,,,,,,,0,0,0,1,1,,,,,,,,,,2
972332,,1,,,,,,,,,,,0,,,0,1,0,,,2
972485,,0,0,,0,,0,0,0,0,0,,0,,,,,0,,,0
972662,0,,,,0,0,0,0,0,0,0,,0,,,,,0,,,0
972698,,,1,,0,,0,,0,0,,,0,,,,,0,,,1
972700,0,,0,1,0,0,0,0,0,0,0,,0,,,,,0,,,1
972703,,,,,,,,,0,0,,,,,,,,,,,0
972705,,0,,,,,,,,,,,1,0,,,,,,,1
972901,0,,,,,0,0,0,0,0,0,,,,,,0,,,,0
972980,0,,0,,0,0,0,1,1,,,,,0,,,,,,,2
972989,,,0,,0,,,0,0,0,0,0,0,,,,,0,,,0
973030,,,,,,,,,,,,,1,,,,,,,,1
973113,,0,,,,,,,,,,,,,0,,,,,,0
973141,0,,,,,0,0,0,0,0,0,,,,,,,,,,0
973189,0,,,,,,,,,,,0,1,,,,,,,,1
973411,0,,,,,0,0,0,0,0,0,,,,,,,,,,0
973429,0,,,,,0,0,0,0,0,0,,0,,,,,0,,,0
973437,0,,,,,0,0,0,0,0,0,,,,,,0,,,,0
973463,0,,,,,0,0,0,0,0,0,0,,,,,,,,,0
973516,0,,,,,0,0,0,0,,,,,,,,,,,,0
973544,0,,,,,0,0,0,0,0,0,,,,,,,,,,0
973546,,,,,,,,,,,,,0,,0,,1,1,,,2
973547,0,,,,,0,0,0,0,0,0,,,,,,,,,,0
973548,0,,,,,0,0,0,0,0,0,,,,,,,,,,0
973628,0,0,,,,0,0,0,0,0,0,,,,,0,,,,,0
973754,0,,,,,0,0,0,0,0,0,,,,,,,,,,0
973838,0,,,,,0,0,0,0,0,0,,,,,,,,,,0
973844,0,0,0,,0,0,0,0,0,0,0,,0,,,,,0,,,0
973845,0,,,0,,0,1,0,0,1,0,,,,,,0,,,,2
974000,0,0,1,1,,,,,,,,,,,,,,,,,2
974036,0,,0,0,,0,0,0,0,0,0,,0,,0,,,0,,,0
974296,0,0,,,0,0,0,0,0,0,0,0,,0,,,,,,,0
974300,1,,1,,,,,,,,,,0,,,,,,,,2
974430,0,0,,,,0,0,0,0,0,0,,,,,,,,,,0
974459,0,,0,,,0,0,0,0,0,0,0,,,,,,,,,0
974474,0,,,,,0,0,0,0,0,0,,,,,,,,,,0
974478,0,,0,0,0,0,0,0,0,0,0,0,0,0,0,,0,0,,,0
974573,0,0,0,0,0,0,1,,,,,0,0,0,0,0,0,0,,,1
974583,0,,,,,0,0,0,0,0,0,,,,,,,,,,0
974694,0,,,,,0,0,0,0,0,0,,0,,,,,0,,,0
974728,0,0,0,,0,0,0,0,0,0,0,,,,0,,,,,,0
974816,0,,0,,0,0,0,0,0,0,0,,0,,,,,0,,,0
974999,0,,,,,0,0,0,0,0,0,,0,,,,,0,,,0
975149,0,,0,,0,0,0,0,0,0,0,0,,,,,,,,,0
975459,0,,,,,0,0,0,0,0,1,,,,,,,,,,1
975478,0,,0,,,0,0,,0,0,,,0,,0,,,0,,,0
975593,0,0,,0,,0,0,,0,0,,,,0,,,,,0,,0
975602,0,,,,,0,0,,0,0,,0,,,,,,,,,0
975605,0,0,0,0,0,0,0,,0,0,,,0,,,,,0,,,0
975817,0,0,,,,0,0,0,0,0,0,,,0,,,,,,,0
975899,1,,,,,,,,,,,,1,,,,,,,,2
975935,0,,,0,0,0,0,0,0,0,0,,0,,,,,0,,,0
975939,,,,,,,,,,,,,1,,,,,,,,1
976000,,0,1,1,,,,,,,,,0,,,0,,0,1,,3
976002,0,0,0,0,0,0,0,0,0,0,0,0,1,,,0,,0,,,1
976120,0,,,,,0,0,0,0,0,0,0,,,,,,,,,0
976259,0,,0,,0,0,0,,,,,0,1,0,,,,1,,,2
976307,0,0,0,0,0,0,0,,0,0,,,0,0,,,,0,,,0
976314,,1,,,,,,,,,,,1,,,,,,,,2
976315,0,0,0,0,0,0,0,0,0,1,0,0,0,0,0,0,0,0,0,,1
976317,,0,,1,,,,,,,,,1,,,0,,,0,,2
976318,,0,,0,,,,,,,,0,,,,0,,,,,0
976336,0,0,,0,,0,0,,,,,,,,0,,,,,,0
976446,0,0,0,0,0,0,0,0,1,,,,1,0,0,,,0,,,2
976448,0,0,0,0,0,0,0,,0,0,,,0,,0,0,0,0,,,0
976450,0,,,,,0,0,0,0,0,0,,,,,,,,,,0
976588,0,,,0,,0,0,0,0,0,0,,,,,,,,,,0
976589,0,,,0,,0,0,0,0,0,0,,,,,,,,,,0
976609,0,,0,0,,0,0,0,0,0,0,,,,,,,,,,0
976612,0,,,,0,0,0,0,0,0,0,,0,,,,,0,,,0
976663,0,,0,,,0,0,0,0,0,0,,0,,0,,,0,,,0
976681,,0,,,,,,,,,,,1,0,0,,,,0,,1
976775,0,,0,,,0,0,0,0,0,0,,,,,,,,,,0
976799,0,,,,,1,1,,,,,,,,,,,,,,2
976815,0,0,0,,0,0,0,0,0,0,0,,,,,,,,,,0
976839,0,,,,,0,0,0,0,0,0,0,,,,,,,,,0
976955,0,,,,,0,0,0,,0,0,,,,0,,,,,,0
977128,0,,,,,0,0,0,0,0,1,,,,,,,,,,1
977253,0,0,,,,0,0,0,0,0,0,,,,,,,,,,0
977306,0,,0,0,0,0,0,0,0,0,0,,0,,0,,0,0,,,0
977454,0,0,0,0,0,0,0,0,0,0,0,,0,,0,0,0,0,,,0
977571,0,,,0,0,0,0,0,0,0,0,,0,,0,,0,0,,,0
977602,0,1,,0,0,0,1,,,,,,,,,,,,0,,2
977641,0,,0,0,,0,0,0,0,0,0,,0,,,0,0,0,,,0
977645,0,,0,0,,0,0,0,0,0,0,,,,,,,,,,0
977647,0,0,0,0,0,0,0,0,0,0,0,0,0,0,0,0,0,0,0,,0
977746,1,0,0,,1,,,,,,,0,0,0,0,0,0,0,0,,2
977752,0,,,,,0,0,0,0,0,0,,,,,,,,,,0
977852,0,,,0,0,0,0,0,0,1,1,,0,,,,,0,,,2
977921,0,,0,0,,0,0,0,0,0,0,,0,,0,,,0,,,0
978008,0,,0,,,0,0,1,0,,,,,,,,,,,,1
978060,0,,,,,0,0,0,0,0,0,0,,,,,,,,,0
978119,0,,,,,0,0,0,0,0,0,0,,,,,,,,,0
978333,0,,,,,0,0,0,0,0,0,,,,,,,,,,0
978340,,0,,1,,,,,,,,,0,,0,,,1,1,,3
978450,0,0,0,0,0,0,0,0,0,0,0,,0,0,0,,0,0,,,0
978462,0,,,,,0,0,0,0,0,0,,,,,,,,,,0
978494,,0,,,,,,,,,,,1,,1,,,,,,2
978527,0,,,,,0,0,0,0,0,0,0,,,,,,,,,0
978552,0,,0,,,0,0,0,0,0,0,,,,0,,,,,,0
978557,0,,0,0,0,0,0,0,0,0,0,,,,,,,,,,0
978586,0,,0,0,,1,1,,,,,0,,0,0,,0,,,,2
978746,,1,,,,,,,,,,,,,1,,,,,,2
978759,0,,,,,0,0,1,1,,,,,,,,,,,,2
978791,0,0,0,,0,0,0,0,0,0,0,,0,,,,0,0,,,0
978836,0,0,,,,0,0,1,1,,,,,,0,,,,,,2
978943,0,0,0,,,0,0,0,0,0,0,,,,,,,,,,0
978946,0,0,0,0,0,0,1,,,,,0,0,0,0,0,0,0,0,,1
978982,0,,,,,0,0,0,0,0,0,,,,,,,,,,0
979142,0,0,0,0,0,0,0,0,0,0,0,,0,,,,,0,,,0
979329,0,0,0,0,0,0,0,0,0,0,0,0,0,0,,,0,0,,,0
979480,,0,,1,,,,,,,,1,0,0,0,,,,,,2
979481,0,0,,,,0,0,0,0,0,0,,0,,,,,0,,,0
979629,,,,,,,,,,,,,1,,,,,,,,1
979700,0,,,,0,0,0,0,0,1,1,0,0,,,,,0,,,2
979748,0,0,0,0,0,0,0,0,0,0,0,0,0,0,0,0,,0,,,0
979848,0,0,0,,0,0,0,0,0,0,0,,0,,0,,,0,,,0
979962,0,,0,,,0,0,0,0,0,0,,,,,,,,,,0
980064,0,,0,,,0,0,0,0,0,0,,,,,,,,,,0
980136,0,0,0,,0,0,0,,0,0,,,0,,,,,0,,,0
980206,0,,,,,0,0,0,0,0,0,,,,,,,,,,0
980339,0,,,,,0,0,0,0,0,0,,,,,,,,,,0
980549,0,,0,0,0,0,0,0,0,0,0,,0,,,,,0,,,0
980615,0,0,,,,0,0,0,0,0,0,,,,0,,,,,,0
980618,,1,,,,,,,,,,,,,,1,,,,,2
980641,0,,,,,0,0,0,0,0,0,0,,,,,,,,,0
981124,0,0,,,1,,,,,,,0,0,1,1,,,0,,,3
981133,0,0,,0,,,,,,,,,0,0,,0,,0,0,,0
981139,0,,,,,0,0,0,0,0,0,,,,,,,,,,0
981144,0,0,0,0,0,0,0,0,0,0,0,0,0,0,0,0,0,0,,,0
981183,0,,,,0,0,0,0,0,1,1,,0,,,,0,0,,,2
981184,0,0,0,0,0,0,0,0,0,0,0,0,0,0,0,,0,0,,,0
981187,0,,0,0,0,0,0,0,0,0,0,,0,0,0,,,0,,,0
981394,0,,,,,0,0,0,,,0,,,,,,,,,,0
981442,0,,,,0,0,0,0,0,0,0,,0,,0,,,0,,,0
981600,0,0,,,,0,0,0,0,0,0,0,,,,,,,,,0
981639,0,0,0,0,,0,0,0,0,0,0,0,,0,0,,,,,,0
981691,0,0,,,,0,0,0,,0,0,,,,0,,,,,,0
981773,,1,,,,,,,,,,,,,,1,,,,,2
981776,0,,,,,1,1,,,,,,,,,,,,,,2
981790,0,,,,,0,0,0,0,0,0,0,,,0,,,,,,0
981869,0,,,,,0,0,,,,0,,,,,,,,,,0
981935,0,,,,,0,0,0,,,0,,,,,,,,,,0
981958,0,,,,,0,0,,,,0,,,,,,,,,,0
982079,0,,,,,0,0,1,1,,,,,,,,,,,,2
982103,,1,,,,,,,,,,,0,0,,,,,,,1
982125,,0,,0,,,,,,,,,1,,,,,,,,1
982184,0,,,,,,,,,,,,0,,0,0,0,0,,,0
982219,0,,,,,,,,,,,,0,1,,,,0,,,1
982241,0,0,,,,0,0,0,0,0,0,,,,0,,0,,,,0
982278,0,,0,,0,0,0,0,0,1,1,,,,,,,,,,2
982300,0,,,,,0,0,0,0,0,0,,,,,,,,,,0
982338,0,0,,,,0,0,0,0,0,0,,,,,,,,,,0
982354,0,,,,,0,0,1,1,,,,,,,,,,,,2
982386,0,,0,0,,0,0,0,0,0,0,,,,,,,,,,0
982441,,,,,,,,,,,,1,,,,,,,1,,2
982448,0,,,,,0,0,0,0,1,1,,,,,,,,,,2
982475,1,,,,,,,,,,,,,,,,,,,,1
982537,0,0,0,0,0,0,0,,0,0,,0,0,0,0,0,0,0,0,,0
982639,,1,,,,,,,,,,,1,,,,,,,,2
982672,0,,,,,0,0,0,0,0,0,,,,,,,,,,0
982675,0,,,,,0,0,1,0,,,,,,,,,,,,1
982680,0,,0,,,0,0,0,0,0,1,,,,,,,,,,1
982687,0,,,,,0,0,0,0,0,1,,,,,,0,,,,1
982763,0,,0,0,0,0,0,0,0,,,0,0,,,,0,0,,,0
982772,0,0,,,,0,0,0,0,0,0,,,,,,,,,,0
982810,0,,0,0,,0,0,0,0,0,0,,,,0,,,,,,0
982821,0,,,,,0,0,0,,0,0,,,,0,,,,,,0
983008,0,,,,,0,0,0,0,0,0,,,,,,,,,,0
983011,0,,0,0,0,0,0,0,0,0,0,,0,,0,,0,0,,,0
983081,0,0,,,0,0,0,0,0,0,0,,,,,,,,,,0
983100,0,,,,,0,0,0,0,0,0,,0,,,,,0,,,0
983278,,0,,,,,,,,,,,0,1,,,,,0,,1
983331,0,,,,,,1,,,,,,,,,,,,,,1
983475,0,0,0,0,0,0,1,,,,,,0,0,0,0,0,0,,,1
983520,0,0,0,0,0,0,0,0,0,0,0,0,,0,0,,,,,,0
983521,0,,,,,0,0,,,,0,,,,0,,,,,,0
983708,,,,,,,,,,,,0,0,,,,0,0,,,0
983744,0,,,,,0,0,0,0,1,1,,,,,,,,,,2
983746,0,,,,,0,0,0,0,0,0,0,,,0,,,,,,0
983747,0,,,,,0,0,0,0,0,0,0,,,,,,,,,0
983898,0,0,0,0,,0,0,,0,0,,0,,0,,,,,,,0
983976,0,0,,,,0,0,0,0,0,0,,,,,,,,,,0
984019,0,,,,,0,0,0,0,0,0,,,,0,,,,,,0
984092,,0,,,,,,,,,,,1,,,1,,,,,2
984096,0,,0,,,0,0,0,0,0,0,,,,0,,,,,,0
984207,0,,,,,0,0,1,0,,,,,,,,,,,,1
984355,0,1,,,,,,,,,,,0,,0,0,,1,,,2
984371,0,,0,0,0,0,0,1,0,,,0,0,0,0,0,0,0,,,1
984376,0,0,0,,0,0,0,0,0,0,0,0,0,,,,0,0,,,0
984458,0,,,,,0,0,0,0,0,0,,,,0,,,,,,0
984461,0,,,,,0,0,,0,0,,,,,,,,,,,0
984483,0,,,,0,0,0,0,0,0,0,,,,,,,,,,0
984490,0,0,,0,,0,0,0,0,0,0,,0,,0,,0,0,,,0
984586,0,,,,,,,,,,,,1,,,1,,,,,2
984619,0,0,0,,,0,0,0,0,0,0,0,,,,,0,,,,0
984677,0,,,0,,0,0,0,0,0,1,0,,,,,,,,,1
984679,0,,0,0,0,0,0,,0,0,,0,0,,0,,,0,,,0
984701,1,1,,,,,,,,,,,,,,,,,,,2
984734,0,,,,,0,0,0,0,0,0,,,,,,,,,,0
984823,0,,,,,0,0,0,0,0,0,,,,0,,,,,,0
984861,0,,0,0,0,0,0,0,0,0,0,,0,0,0,,0,0,,,0
984865,0,,,0,0,1,,,,,,,0,,,,0,0,,,1
985026,1,,,,,,,,,,,,1,,,,,,,,2
985095,0,,,,,0,0,1,1,,,,,,,,,,,,2
985098,,,,0,,,,,,,,,0,,0,,,0,,,0
985105,0,0,0,0,0,0,0,0,0,1,1,0,,,,,,,,,2
985106,,1,,,,,,,,,,,,,,0,0,,,,1
985203,0,0,,,,0,0,0,0,1,1,,,,0,,,,,,2
985204,0,,,,,0,0,0,0,0,0,0,,,,,,,,,0
985220,,,,,,,,,,,,1,,1,0,,,,,,2
985324,0,,,0,,0,0,0,0,0,0,,,,,,,,,,0
985369,0,,,,0,0,0,0,0,0,0,,0,,,,,0,,,0
985377,0,,,,,0,0,0,0,0,0,,,,,,,,,,0
985384,0,,,,,0,0,0,0,0,0,,,,,,,,,,0
985472,0,,,0,0,0,0,0,0,0,0,0,0,,,,0,0,,,0
985613,0,,,,,0,0,0,0,0,0,,,,,,,,,,0
985677,0,0,,0,0,0,0,0,0,1,1,,0,,0,,,0,,,2
985976,0,,0,,,0,0,0,0,0,0,,,,,,,,,,0
986143,0,,,,,0,0,0,0,0,0,0,,,,,,,,,0
986228,0,0,,0,0,0,0,0,0,0,0,0,0,0,0,,0,0,,,0
986286,0,0,0,0,0,0,0,0,0,0,0,,0,0,0,,0,0,,,0
986321,0,0,0,0,0,0,0,,0,0,,,0,,0,0,0,0,0,,0
986322,,,,,,,,,,,,,1,,1,,,,,,2
986323,0,0,0,0,0,,,,,,,0,0,0,,0,0,0,0,,0
986325,0,0,0,0,0,0,0,,,,,0,0,0,0,0,0,0,0,,0
986326,0,0,0,0,0,0,0,0,0,0,0,,,,,,,,,,0
986327,0,0,0,0,0,0,1,,,,,0,0,0,0,0,0,0,0,,1
986333,0,0,0,0,,0,0,0,0,0,0,,0,,,,,0,,,0
986411,0,,,,,0,0,0,0,1,0,,0,,0,,0,0,,,1
986517,0,,0,,,0,0,1,0,,,,,,,,0,,,,1
986541,0,,0,,0,0,0,0,0,0,0,,0,,,,,0,,,0
986582,0,0,0,,0,0,0,0,0,0,0,,0,,0,,,0,,,0
986595,0,,,,,0,1,,,,,,,,,,,,,,1
986706,0,,0,,,0,0,0,0,0,0,,,,,,,,,,0
986974,0,0,,0,,0,0,0,0,0,0,,0,0,0,,0,0,,,0
986983,1,,,,,,,,,,,,1,,,,,,,,2
987116,0,0,0,0,0,0,0,0,0,0,0,,0,,0,,,0,,,0
987244,0,,,,,0,0,0,0,0,0,,,,,,,,,,0
987251,1,,,,,,,,,,,,1,,,,,,,,2
987299,0,,0,,,0,0,0,0,0,1,,,,,,,,,,1
987356,0,,0,,0,0,0,0,0,1,0,,0,,,,,0,,,1
987370,0,,,,,0,0,0,0,0,0,,,,0,,,,,,0
987378,0,,,0,0,1,1,,,,,,,,1,,0,,,,3
987448,0,,,,,0,0,0,0,0,0,,,,,,,,,,0
987553,0,0,0,0,0,0,0,0,0,1,1,,,,,,,,,,2
987621,0,,,,,0,0,0,0,,0,0,,,,,,,,,0
987641,,,,,,,,,,,,1,1,,,,,,,,2
987719,0,,,,,0,0,0,0,0,0,,,,,,,,,,0
987974,,,,,,,,,,,,,1,,,,,,,,1
987976,0,,,0,,0,0,,,,,,,,,,,,,,0
988022,0,0,,,,0,0,0,0,0,0,,0,,,,,0,,,0
988076,0,,,,,0,,,,,,0,,,,,,,,,0
988123,0,,0,0,,0,0,0,0,0,1,,,,0,,,,,,1
988127,0,,0,0,0,0,0,,0,0,,,0,0,,,,0,0,,0
988128,1,,1,,,,,,,,,,,,,,,,,,2
988180,0,,0,,,0,0,0,0,0,0,,,,,,,,,,0
988190,0,0,,,0,0,0,0,0,1,1,0,0,,0,,,0,,,2
988196,0,0,0,0,0,0,0,0,0,0,0,0,0,0,0,0,0,0,0,,0
988223,0,0,0,0,0,0,0,1,1,,,,0,0,,,,0,,,2
988229,0,0,,,,0,0,0,0,0,0,,,,,,,,,,0
988351,,1,,,,,,,,,,,,,,0,1,,,,2
988385,0,,,,,0,0,0,0,0,0,,,,,,,,,,0
988467,0,,,,,0,0,0,,0,0,,,,,,,,,,0
988527,0,,0,0,0,0,0,,0,0,,,0,,0,,,0,,,0
988602,0,,,,,0,0,0,0,0,0,,,,,,,,,,0
988603,0,,,,,0,0,0,0,0,0,0,,,0,,,,,,0
988605,0,,,,,0,0,0,0,0,0,,,,,,,,,,0
988626,0,,,,,0,0,0,0,0,1,,,,0,,,,,,1
988635,0,0,0,,,0,0,0,0,1,1,,,,,,,,,,2
988689,0,,,,,0,0,0,0,0,0,0,,,,,,,,,0
988718,0,,0,0,,0,0,0,0,0,0,,,0,,,,,,,0
988852,0,,,,,0,0,0,0,0,0,,,,,,,,,,0
988869,0,0,0,0,0,0,0,0,0,0,0,,0,0,0,,0,0,,,0
988892,,0,,,,,,,,,,0,1,,,1,,,0,,2
988896,0,,,,,0,0,0,0,0,0,,,,,,,,,,0
988930,0,,,,,0,0,0,0,0,0,,,,,,,,,,0
988968,0,,,,,0,0,0,,0,0,,,,,,0,,,,0
988996,0,,,,,0,0,0,0,0,0,,,,,,,,,,0
989027,0,0,,,,0,0,0,0,0,0,,,,,,,,,,0
989029,0,,,,,0,0,0,0,0,0,,,,,,,,,,0
989032,0,0,,0,0,0,0,0,0,1,1,0,0,,0,0,0,0,,,2
989035,,0,,0,,,,,,,,,1,,0,0,0,,1,,2
989037,0,,1,,,,,,,,,,0,,1,,,0,,,2
989095,0,0,,,,0,0,0,0,0,0,0,,,,,,,,,0
989098,0,,,,,0,0,1,0,,,,,,0,,,,,,1
989101,0,0,0,0,0,0,0,0,0,0,0,0,0,0,0,0,0,0,0,,0
989103,0,,,,,0,0,0,0,0,0,,,,0,,,,,,0
989161,0,,,,,0,0,0,,,0,0,,,,,,,,,0
989238,0,,0,,0,,,,,,,,0,,,,,0,,,0
989239,0,0,,,,0,0,0,0,0,0,,,,,,,,,,0
989330,0,,,,,0,0,0,0,0,0,0,,,0,,,,,,0
989346,0,0,0,,,0,0,0,0,0,0,,,,0,,,,,,0
989354,,,,1,,,,,,,,,1,,,0,0,,,,2
989382,0,,,,,0,0,0,0,0,0,,,,,,,,,,0
989390,0,,,,,0,0,0,0,0,0,,,,,,,,,,0
989479,0,,,,,0,1,,,,,,,,0,,,,,,1
989526,,0,,0,,,,,,,,,1,,,0,,,0,,1
989532,0,,,,,,,,,,,,0,,,,,0,,,0
989571,1,,,,,,,,,,,,1,,,,,,,,2
989648,1,,,,,,,,,,,0,0,,,0,,1,,,2
989651,0,,,,,0,0,0,0,0,0,0,,,,,,,,,0
989653,0,0,,,,0,0,0,0,1,,,,,,,,,,,1
989655,,1,,,,,,,,,,,,,,0,,,,,1
989656,0,,0,0,0,0,0,0,0,0,0,0,,,0,0,0,,,,0
989707,0,,0,0,0,0,0,0,0,0,0,0,0,0,0,0,0,0,0,,0
989766,0,,0,0,0,0,0,0,0,0,0,,0,,0,0,0,0,,,0
989767,0,,,,,0,0,0,0,0,0,,,,,,,,,,0
989771,0,,,,,0,0,0,0,0,0,0,,0,0,,,,,,0
989773,0,,,,,0,0,0,0,1,1,,,,0,,,,,,2
989935,,,,,,,,,,,,1,,,,,,,1,,2
989944,0,0,0,0,0,0,0,0,0,0,0,0,0,0,0,0,0,0,0,,0
990136,0,,,0,,0,0,0,0,0,0,,0,,,,,0,,,0
990148,,1,,,,,,,,,,,,,,1,,,,,2
990168,0,,,,,0,0,0,,0,0,0,,,0,,,,,,0
990235,0,,,,,0,0,0,,0,0,0,,,0,,,,,,0
990249,0,0,0,0,0,0,0,0,0,0,0,,0,,,0,0,0,,,0
990287,0,0,,,,0,0,0,0,0,0,0,0,,0,,,0,,,0
990374,0,,,0,,0,0,0,0,0,0,,,,,,,,,,0
990641,0,,0,,0,,,,,,,,0,,1,,,0,,,1
990658,0,0,,,,0,0,0,,0,0,,,,,,,,,,0
990778,0,0,,,,1,1,,,,,0,0,0,1,,,0,,,3
990783,0,0,0,0,0,0,0,0,0,1,0,,0,,,,,0,,,1
990784,0,0,0,0,0,0,0,0,0,0,0,0,0,0,0,,,0,,,0
990789,0,0,0,0,0,0,0,0,0,0,0,0,0,0,0,0,0,0,0,,0
990853,0,0,0,0,0,0,0,,0,0,,,0,,0,,,0,,,0
990862,0,0,0,,0,0,0,0,0,0,0,,0,,,,,0,,,0
990865,0,0,0,0,0,1,1,,,,,,,,,,,,,,2
990940,0,,,,,0,0,0,0,1,1,,,,,,,,,,2
991022,0,,,0,,0,0,0,0,0,0,,,,,,0,,,,0
991071,0,1,,,,,,,,,,,1,,,,,,,,2
991072,0,,,,,0,0,0,0,0,0,,0,,0,,0,0,,,0
991117,0,,,,0,0,0,0,0,0,0,0,,,,,,,,,0
991159,0,,,0,0,0,0,0,0,0,0,,0,,0,0,,0,,,0
991161,0,1,,,,,,,,,,0,1,,0,,,,,,2
991200,0,,,,,0,0,,,,,,,,0,,,,,,0
991224,0,,,,,0,0,0,,0,0,,,,,,,,,,0
991289,,1,,,,,,,,,,,1,,,,,,,,2
991291,0,,,,,0,0,0,0,0,0,,,,,,,,,,0
991382,0,,0,,0,0,0,0,0,0,0,,0,,0,,0,0,,,0
991389,0,,0,,,0,0,0,0,0,0,,0,,,,,0,,,0
991408,0,,0,,,0,0,0,0,0,0,,,,0,,,,,,0
991415,0,,0,,0,0,0,0,0,0,0,,,,,,,,,,0
991417,0,,0,,,0,0,0,0,0,0,0,,,0,,0,,,,0
991421,0,0,,,,0,0,0,0,0,0,,,,0,,,,,,0
991509,,1,,,,,,,,,,,0,,0,,,0,,,1
991511,,0,,,,,,,,,,0,1,,,0,,,0,,1
991551,0,0,0,0,0,0,0,0,0,0,0,0,0,0,0,0,0,0,,,0
991554,0,0,0,0,,0,0,,0,0,,,,,0,,,,,,0
991631,0,,,,,0,0,,0,0,,,,,,,,,,,0
991634,0,,,,,0,0,0,0,0,0,0,,,0,,,,,,0
991672,0,0,0,0,0,0,0,0,0,1,0,,0,0,0,,,0,,,1
991685,0,,0,,,0,0,1,0,,,,,,,,,,,,1
991690,0,,0,,,0,1,,,,,,,,0,,,,,,1
991708,0,,,,,0,0,0,0,0,1,,,,0,,,,,,1
991776,0,0,0,,0,0,0,,,,,,,,,,,,,,0
991777,0,0,,,,0,0,0,0,1,1,0,,,0,,,,,,2
991778,0,,,,0,0,0,0,0,0,1,,0,,,,,0,,,1
991880,0,,,,0,0,0,0,0,0,0,0,0,,,,0,0,,,0
991881,0,,0,0,,0,0,0,0,0,0,,0,,0,,,0,,,0
991887,0,0,0,,0,0,0,0,0,0,0,0,0,,0,,,0,,,0
991923,,,,,,,,,,,,1,,,,1,,,,,2
992000,,,,,,,,,,,,,,,1,1,,,,,2
992004,,1,,,,,,,,,,,,,,1,,,0,,2
992049,,,,,,,,,,,,,1,,1,,,,,,2
992127,,1,,,,,,,,,,1,0,,,,,,,,2
992129,0,0,,,0,0,0,1,0,,,0,0,,0,,,0,,,1
992168,0,1,,,,,,,,,,,0,,,,,,,,1
992247,0,0,0,,,0,0,0,0,0,0,,,,,,,,,,0
992260,0,,0,,,0,0,0,0,1,1,,,,0,,,,,,2
992299,0,0,0,,,0,0,0,0,0,0,,,0,0,,,,,,0
992301,0,0,0,0,,,,,,,,,0,0,0,1,,0,0,,1
992429,0,,0,0,0,0,0,,,,,0,0,,,0,0,0,,,0
992435,0,,0,0,,0,0,1,0,,,0,0,,0,,,0,,,1
992442,0,0,,,0,0,0,0,0,0,0,0,0,0,0,,0,0,0,,0
992487,0,,,1,,,,,,,,,1,,,1,,,,,3
992527,0,,,,,0,0,0,0,0,0,,,,,,,,,,0
992528,0,0,0,,,0,0,0,0,0,0,,,,,,,,,,0
992532,0,,,,,0,0,0,0,0,1,,,,,,,,,,1
992578,0,,,,,0,0,0,0,0,0,,,,0,,,,,,0
992583,0,,,,,0,0,0,0,0,0,,,,0,,,,,,0
992607,0,,,,,0,0,0,0,0,0,,,0,0,,,,,,0
992617,0,,,,,0,0,0,0,0,0,,,,,,,,,,0
992677,0,0,,,,0,0,0,0,0,0,,,,,,,,,,0
992814,1,,,0,,,,,,,,0,0,,,0,,1,,,2
992815,0,0,1,0,,,,,,,,,0,,0,,,0,1,,2
992893,0,,,,,0,0,0,,0,0,,,,,,,,,,0
992925,,1,,1,,,,,,,,,1,,,,,,,,3
992955,0,,0,,,0,0,0,0,0,0,,,,,,,,,,0
992968,0,,,,,0,0,,,,,,,,,,,,,,0
993091,0,0,,,,,,,,,,,1,,0,1,,,0,,2
993207,0,0,0,1,1,,,,,,,0,0,,0,0,,0,,,2
993268,0,,,,,,,,,,,0,1,,1,,,,1,,3
993271,,,,,,,,,,,,1,1,,,,,,,,2
993272,0,0,,,0,0,0,1,1,,,,,,,,,,,,2
993297,0,0,,,,0,0,0,0,0,0,,,,0,,,,,,0
993303,0,0,,,,,,,,,,,,,,,,,,,0
993378,0,,,,,0,0,0,0,0,0,,,,,,,,,,0
993407,0,,0,0,0,0,0,0,0,0,0,,0,,0,,,0,,,0
993465,0,,,0,0,0,1,,,,,,,,,,,,,,1
993513,0,0,,,,0,0,0,0,0,0,0,,,,,,,,,0
993522,0,,,,,0,0,0,0,0,1,,,,,,,,,,1
993525,0,,,,,0,0,0,0,0,0,,0,,0,0,,0,,,0
993527,0,,0,,0,0,0,,,,,0,0,0,0,,0,0,,,0
993596,,0,,,,,,,,,,0,,,,0,,,0,,0
993636,,,,,,,,,,,,0,,,,0,,,0,,0
993637,0,,,,,0,0,0,0,0,0,0,,,0,,,,,,0
993699,0,,,,,1,1,,,,,,,,,,,,,,2
993773,0,0,,,,0,0,0,0,0,1,,,0,0,,,,,,1
993776,,0,,,,,,,,,,0,0,0,,0,0,0,0,,0
993795,0,,,,0,0,0,0,0,1,,,,,,,,,,,1
994358,0,0,0,,,0,0,0,0,0,0,,,,0,,,,,,0
994435,0,0,,,,0,0,0,0,0,0,,,,0,,,,,,0
994536,0,0,,,,,,,,,,0,1,1,,0,,,,,2
994571,0,,,,,0,0,0,0,0,0,,,,0,,,,,,0
994578,,0,,,,,,,,,,0,1,0,,0,0,,0,,1
994579,0,0,0,0,0,0,0,0,0,0,0,0,0,0,,0,0,0,,,0
994583,,1,,,,,,,,,,0,,,1,0,1,,0,,3
994631,,,,1,,,,,,,,,1,,,,,,,,2
994632,0,0,0,0,0,0,0,0,0,0,0,,0,,0,,0,0,,,0
994789,0,,0,,0,0,0,0,0,0,0,,0,,,,,0,,,0
994960,,,,1,,,,,,,,0,1,,,,,,,,2
994962,,,,,,,,,,,,,1,1,,0,,,,,2
994990,0,,,,0,0,0,0,0,0,0,0,,0,,,,,,,0
995027,0,,0,,0,0,0,0,0,0,0,,0,,,,,0,,,0
995129,,1,,,,,,,,,,0,1,0,,0,0,,0,,2
995210,,0,,1,,,,,,,,,,0,0,,,,,,1
995216,0,0,0,0,,0,0,0,0,0,0,,,,0,,,,,,0
995353,0,,0,0,0,0,0,0,0,0,0,,0,,,,,0,,,0
995433,,,,,,,,,,,,,0,,,,,,,,0
995441,0,,,,,0,0,0,0,0,1,0,,,,,,,,,1
995528,0,,,,0,0,0,0,0,0,0,,,,,,,,,,0
995545,1,,,,,,,,,,,0,0,0,,,,1,,,2
995595,0,0,,,0,0,0,0,0,0,0,,,,0,,,,,,0
995666,0,,0,0,,0,0,0,0,0,0,,,0,,,,,,,0
995667,0,0,0,0,0,0,0,0,0,1,0,0,0,0,0,0,0,0,0,,1
995700,0,0,0,0,0,0,0,0,0,1,0,,0,,,,0,0,,,1
995730,0,,,,,0,0,0,0,1,,,,,,,,,,,1
995731,0,,,,,0,0,,0,0,,,,,0,,,,,,0
995752,0,,,,,0,0,0,0,0,0,,,,,,,,,,0
995818,0,,,,,0,0,0,0,0,0,,0,,,,,0,,,0
995915,,1,,,,,,,,,,0,,,0,1,,,,,2
995917,0,,,,0,0,0,0,0,0,0,,0,,,,,0,,,0
995936,0,,,,,0,0,0,0,0,0,,,,0,,,,,,0
995940,,,,,,,,,,,,,1,,,0,,,,,1
995970,0,,0,,,0,0,1,1,,,,,,0,,,,,,2
995988,0,0,,,,0,0,0,0,0,0,,,,,,,,,,0
995990,0,,,0,,0,0,0,0,1,1,,,,,,,,,,2
996077,0,,,,,0,0,0,0,0,0,,,,,,,,,,0
996141,0,,,,,0,0,0,0,0,0,,,,0,,0,,,,0
996212,0,,,,,0,0,0,0,0,0,0,,,,,,,,,0
996299,0,0,0,0,0,,,,,,,0,0,0,0,0,0,0,0,,0
996300,,,,,,,,,,,,0,,,,,,,1,,1
996330,0,,,,0,0,0,0,0,0,0,0,,,0,,,,,,0
996338,0,0,,,,0,0,0,0,0,0,,,0,0,,,,,,0
996423,0,,,,,0,0,1,0,,,,,,0,,,,,,1
996487,0,,0,,0,0,0,0,0,0,0,0,0,,,,,0,,,0
996572,0,0,,,,0,0,0,0,0,0,,,,,,,,,,0
996663,,1,,,,,,,,,,,1,,,,,,,,2
996664,0,,0,0,,0,0,0,0,0,0,0,,,0,,,,,,0
996788,0,,,,,0,0,0,0,0,0,,,,,,,,,,0
996886,,1,,,,,,,,,,0,,,,0,,,1,,2
996889,,,,,,,,,,,,1,,,,1,,,0,,2
996909,0,,,,,0,0,0,0,0,0,,,,,,,,,,0
996928,,1,,,,,,,,,,,1,,,,,,,,2
996932,0,0,,,,0,0,0,0,0,0,0,,,,,,,,,0
996997,0,,0,,,0,0,0,0,0,0,,,,,,,,,,0
996999,,1,,,,,,,,,,0,1,,,0,1,,0,,3
997036,0,,0,,,0,0,0,0,1,1,,0,,,,,0,,,2
997038,,,,,,,,,,,,1,1,,,,,,,,2
997241,0,,,0,,,,,,,,,0,,,1,,1,1,,3
997246,,1,,,,,,,,,,0,1,0,,0,,,0,,2
997247,,,,,,,,,,,,,1,,,1,,,,,2
997259,0,0,,,,0,0,,0,0,,,,,,,,,,,0
997450,0,0,0,0,,0,0,1,0,,,,,,,,,,,,1
997452,0,0,0,0,0,0,0,0,0,0,0,,0,,,,,0,,,0
997524,0,,,,,0,0,0,0,0,0,,,,,,,,,,0
997528,0,,,,,0,0,0,0,0,0,0,,,,,,,,,0
997611,0,0,,,,0,0,0,0,1,1,0,0,,,,0,0,,,2
997615,0,,,,,0,0,0,0,0,0,0,,,,,,,,,0
997618,,1,,,,,,,,,,0,,,,0,,,0,,1
997647,0,,,,,0,0,0,0,0,0,,,,0,,,,,,0
997761,0,0,0,0,0,0,0,0,0,0,0,0,0,0,0,0,0,0,,,0
997887,0,,,,0,0,0,0,0,0,0,,0,,,,,0,,,0
997940,0,,,,,0,0,0,0,0,0,0,0,,,,,0,,,0
998061,0,,,0,,0,0,0,0,1,0,,,0,,0,,,,,1
998063,0,0,,,0,0,0,0,0,0,0,,,0,0,0,,,,,0
998101,0,,,,,0,0,0,0,0,0,,,,0,,0,,,,0
998127,0,0,0,0,0,0,0,0,0,1,1,0,0,,,0,0,0,,,2
998128,0,0,0,0,0,0,0,1,0,,,0,0,0,0,0,0,0,0,,1
998165,0,,,,,0,0,0,0,0,0,,,,,,,,,,0
998177,,1,,,,,,,,,,,1,,,,,,,,2
998260,0,0,0,0,0,0,0,0,0,1,0,,0,,,,0,0,,,1
998315,1,1,,,,,,,,,,,,,,,,,,,2
998316,0,,0,,0,0,0,1,0,,,,0,,,,,0,,,1
998370,,0,,,,,,,,,,,1,,,0,,,1,,2
998371,0,,0,0,0,0,0,,0,0,,,0,,0,,,0,,,0
998377,0,,,,,0,0,0,0,0,0,,,,0,,,,,,0
998452,0,1,,,,,,,,,,0,1,,,,0,,,,2
998560,,0,,,,,,,,,,0,,,,0,0,,,,0
998592,,0,,,,,,,,,,0,0,,,0,,,,,0
998650,0,,,,,0,0,0,0,0,0,,,,0,,,,,,0
998657,,1,,,,,,,,,,,1,,,,,,,,2
998658,0,0,0,0,0,0,0,0,0,0,0,,,,0,,,,,,0
998764,0,,,,,0,0,0,0,0,0,,,,,,,,,,0
998812,1,,,,,,,,,,,,1,,0,,,,,,2
998953,0,,,,,0,0,0,,0,0,0,,,0,,,,,,0
998967,0,,0,,0,0,1,,,,,0,0,,,,0,0,,,1
998992,0,,,,,0,0,0,0,0,0,0,,,0,,,,,,0
999073,0,,,,0,0,0,1,1,,,,0,,0,,,,,,2
999077,0,,0,,0,,,,,,,,0,,,,0,0,,,0
999119,0,,0,0,0,0,1,,,,,,0,,0,0,0,0,,,1
999231,0,,,,,0,0,0,0,0,0,,,,0,,,,,,0
999236,0,0,0,0,0,0,0,,0,0,,0,0,0,0,0,0,0,0,,0
999238,0,,,,,0,0,0,0,0,0,,,,,,,,,,0
999243,0,0,,,0,0,0,0,0,0,0,,,0,0,,,,,,0
999278,0,,0,,0,0,0,0,0,0,0,,0,0,0,,,0,,,0
999319,,0,,,,,,,,,,0,1,,,0,0,,1,,2
999326,0,,,,,0,0,0,0,0,0,,,,0,,,,,,0
999331,0,0,,,0,0,0,0,0,0,0,0,0,,0,,0,0,,,0
999424,0,,0,0,0,0,0,,,,,,0,,,,,0,,,0
999439,0,,0,,,0,0,0,0,0,0,,,,0,,,,,,0
999464,0,,,,,0,0,,,,,,,,,,,,,,0
999471,0,0,,,,0,0,0,0,0,0,0,,,,,,,,,0
999550,0,,,,,1,1,,,,,,,,,,,,,,2
999577,0,,,0,,0,0,0,0,1,1,,,0,0,,,,,,2
999583,0,,,,,0,0,0,0,1,1,,,,,,,,,,2
999586,0,,0,0,,0,0,0,0,1,1,,,,0,,,,,,2
999646,,,,,,,,,,,,1,1,,,,,,,,2
999673,,1,,,,,,,,,,0,1,,,1,,,,,3
999674,,0,,,,,,,,,,,1,1,,,,,,,2
999681,0,,,,,0,0,0,0,0,0,,,,0,,,,,,0
999769,,1,,,,,,,,,,0,1,,,0,,,1,,3
999777,,0,,,,,,,,,,,0,0,,0,,,,,0
999778,0,0,0,,,0,0,0,0,0,0,0,,,0,,,,,,0
999954,0,,,,0,0,0,0,0,0,0,,,0,,,,,,,0
999956,0,,0,0,,0,0,,0,0,,0,0,,0,,,0,,,0
999959,0,0,0,0,0,0,0,0,0,0,0,0,0,0,0,0,0,0,0,,0
999997,,,,,,,,,,,,1,,,,1,,,,,2
999999,0,,,0,0,,,,,,,0,0,,1,,,0,,,1
